nPumps,size,earnings,popped,trials.thisRepN,trials.thisTrialN,trials.thisN,trials.thisIndex,trials.ran,trials.order,imageFile,maxPumps,participant,gender (m/f),age,session,date,expName,psychopyVersion,frameRate
11,0.265,0.55,FALSE,1,0,20,5,1,19,blueBalloon.png,32,001,f,30,004,2021-05-02_14h09.28.904,bart,3.1.3,60
9,0.235,0.45,FALSE,1,0,20,9,1,19,blueBalloon.png,56,001,f,30,004,2021-05-02_14h09.28.904,bart,3.1.3,60
10,0.25,0.5,FALSE,1,0,20,2,1,19,blueBalloon.png,14,001,f,30,004,2021-05-02_14h09.28.904,bart,3.1.3,60
3,0.13,0,TRUE,1,0,20,0,1,19,blueBalloon.png,2,001,f,30,004,2021-05-02_14h09.28.904,bart,3.1.3,60
5,0.175,0.25,FALSE,1,0,20,15,1,19,blueBalloon.png,92,001,f,30,004,2021-05-02_14h09.28.904,bart,3.1.3,60
3,0.145,0.15,FALSE,1,0,20,10,1,19,blueBalloon.png,62,001,f,30,004,2021-05-02_14h09.28.904,bart,3.1.3,60
6,0.19,0.3,FALSE,1,0,20,7,1,19,blueBalloon.png,44,001,f,30,004,2021-05-02_14h09.28.904,bart,3.1.3,60
5,0.175,0.25,FALSE,1,0,20,13,1,19,blueBalloon.png,80,001,f,30,004,2021-05-02_14h09.28.904,bart,3.1.3,60
3,0.145,0.15,FALSE,1,0,20,11,1,19,blueBalloon.png,68,001,f,30,004,2021-05-02_14h09.28.904,bart,3.1.3,60
6,0.19,0.3,FALSE,1,0,20,17,1,19,blueBalloon.png,104,001,f,30,004,2021-05-02_14h09.28.904,bart,3.1.3,60
5,0.175,0.25,FALSE,1,0,20,1,1,19,blueBalloon.png,8,001,f,30,004,2021-05-02_14h09.28.904,bart,3.1.3,60
4,0.16,0.2,FALSE,1,0,20,6,1,19,blueBalloon.png,38,001,f,30,004,2021-05-02_14h09.28.904,bart,3.1.3,60
5,0.175,0.25,FALSE,1,0,20,4,1,19,blueBalloon.png,26,001,f,30,004,2021-05-02_14h09.28.904,bart,3.1.3,60
23,0.445,1.15,FALSE,1,0,20,19,1,19,blueBalloon.png,116,001,f,30,004,2021-05-02_14h09.28.904,bart,3.1.3,60
30,0.55,1.5,FALSE,1,0,20,18,1,19,blueBalloon.png,110,001,f,30,004,2021-05-02_14h09.28.904,bart,3.1.3,60
54,0.91,2.7,FALSE,1,0,20,16,1,19,blueBalloon.png,98,001,f,30,004,2021-05-02_14h09.28.904,bart,3.1.3,60
51,0.85,0,TRUE,1,0,20,8,1,19,blueBalloon.png,50,001,f,30,004,2021-05-02_14h09.28.904,bart,3.1.3,60
29,0.535,1.45,FALSE,1,0,20,12,1,19,blueBalloon.png,74,001,f,30,004,2021-05-02_14h09.28.904,bart,3.1.3,60
