nPumps,size,earnings,popped,trials.thisRepN,trials.thisTrialN,trials.thisN,trials.thisIndex,trials.ran,trials.order,imageFile,maxPumps,participant,gender (m/f),age,session,date,expName,psychopyVersion,frameRate
0,0.1,0,FALSE,1,0,20,5,1,19,blueBalloon.png,32,01,m,19,004,2021-03-27_16h14.13.886,bart,3.1.3,60
20,0.4,1,FALSE,1,0,20,9,1,19,blueBalloon.png,56,01,m,19,004,2021-03-27_16h14.13.886,bart,3.1.3,60
15,0.31,0,TRUE,1,0,20,2,1,19,blueBalloon.png,14,01,m,19,004,2021-03-27_16h14.13.886,bart,3.1.3,60
3,0.13,0,TRUE,1,0,20,0,1,19,blueBalloon.png,2,01,m,19,004,2021-03-27_16h14.13.886,bart,3.1.3,60
10,0.25,0.5,FALSE,1,0,20,15,1,19,blueBalloon.png,92,01,m,19,004,2021-03-27_16h14.13.886,bart,3.1.3,60
15,0.325,0.75,FALSE,1,0,20,10,1,19,blueBalloon.png,62,01,m,19,004,2021-03-27_16h14.13.886,bart,3.1.3,60
