nPumps,size,earnings,popped,trials.thisRepN,trials.thisTrialN,trials.thisN,trials.thisIndex,trials.ran,trials.order,imageFile,maxPumps,participant,gender (m/f),age,session,date,expName,psychopyVersion,frameRate
33,0.58,0,TRUE,1,0,20,5,1,19,blueBalloon.png,32,10477,f,39,004,2020-12-10_11h12.59.770,bart,3.1.3,60
57,0.94,0,TRUE,1,0,20,9,1,19,blueBalloon.png,56,10477,f,39,004,2020-12-10_11h12.59.770,bart,3.1.3,60
15,0.31,0,TRUE,1,0,20,2,1,19,blueBalloon.png,14,10477,f,39,004,2020-12-10_11h12.59.770,bart,3.1.3,60
3,0.13,0,TRUE,1,0,20,0,1,19,blueBalloon.png,2,10477,f,39,004,2020-12-10_11h12.59.770,bart,3.1.3,60
93,1.48,0,TRUE,1,0,20,15,1,19,blueBalloon.png,92,10477,f,39,004,2020-12-10_11h12.59.770,bart,3.1.3,60
63,1.03,0,TRUE,1,0,20,10,1,19,blueBalloon.png,62,10477,f,39,004,2020-12-10_11h12.59.770,bart,3.1.3,60
45,0.76,0,TRUE,1,0,20,7,1,19,blueBalloon.png,44,10477,f,39,004,2020-12-10_11h12.59.770,bart,3.1.3,60
81,1.3,0,TRUE,1,0,20,13,1,19,blueBalloon.png,80,10477,f,39,004,2020-12-10_11h12.59.770,bart,3.1.3,60
66,1.09,3.3,FALSE,1,0,20,11,1,19,blueBalloon.png,68,10477,f,39,004,2020-12-10_11h12.59.770,bart,3.1.3,60
