nPumps,size,earnings,popped,trials.thisRepN,trials.thisTrialN,trials.thisN,trials.thisIndex,trials.ran,trials.order,imageFile,maxPumps,participant,gender (m/f),age,session,date,expName,psychopyVersion,frameRate
33,0.58,0,TRUE,1,0,20,5,1,19,blueBalloon.png,32,11,m,12,004,2021-04-26_20h01.08.855,bart,3.1.3,60
57,0.94,0,TRUE,1,0,20,9,1,19,blueBalloon.png,56,11,m,12,004,2021-04-26_20h01.08.855,bart,3.1.3,60
15,0.31,0,TRUE,1,0,20,2,1,19,blueBalloon.png,14,11,m,12,004,2021-04-26_20h01.08.855,bart,3.1.3,60
1,0.115,0.05,FALSE,1,0,20,0,1,19,blueBalloon.png,2,11,m,12,004,2021-04-26_20h01.08.855,bart,3.1.3,60
