nPumps,size,earnings,popped,trials.thisRepN,trials.thisTrialN,trials.thisN,trials.thisIndex,trials.ran,trials.order,imageFile,maxPumps,participant,gender (m/f),age,session,date,expName,psychopyVersion,frameRate
33,0.58,0,TRUE,1,0,20,5,1,19,blueBalloon.png,32,11,m,12,004,2021-04-07_15h40.50.620,bart,3.1.3,60
30,0.55,1.5,FALSE,1,0,20,9,1,19,blueBalloon.png,56,11,m,12,004,2021-04-07_15h40.50.620,bart,3.1.3,60
15,0.31,0,TRUE,1,0,20,2,1,19,blueBalloon.png,14,11,m,12,004,2021-04-07_15h40.50.620,bart,3.1.3,60
3,0.13,0,TRUE,1,0,20,0,1,19,blueBalloon.png,2,11,m,12,004,2021-04-07_15h40.50.620,bart,3.1.3,60
15,0.325,0.75,FALSE,1,0,20,15,1,19,blueBalloon.png,92,11,m,12,004,2021-04-07_15h40.50.620,bart,3.1.3,60
25,0.475,1.25,FALSE,1,0,20,10,1,19,blueBalloon.png,62,11,m,12,004,2021-04-07_15h40.50.620,bart,3.1.3,60
22,0.43,1.1,FALSE,1,0,20,7,1,19,blueBalloon.png,44,11,m,12,004,2021-04-07_15h40.50.620,bart,3.1.3,60
