nPumps,size,earnings,popped,trials.thisRepN,trials.thisTrialN,trials.thisN,trials.thisIndex,trials.ran,trials.order,imageFile,maxPumps,participant,gender (m/f),age,session,date,expName,psychopyVersion,frameRate
33,0.58,0,TRUE,1,0,20,5,1,19,blueBalloon.png,32,11,m,99,004,2021-04-08_20h18.15.513,bart,3.1.3,60
24,0.46,1.2,FALSE,1,0,20,9,1,19,blueBalloon.png,56,11,m,99,004,2021-04-08_20h18.15.513,bart,3.1.3,60
15,0.31,0,TRUE,1,0,20,2,1,19,blueBalloon.png,14,11,m,99,004,2021-04-08_20h18.15.513,bart,3.1.3,60
3,0.13,0,TRUE,1,0,20,0,1,19,blueBalloon.png,2,11,m,99,004,2021-04-08_20h18.15.513,bart,3.1.3,60
15,0.325,0.75,FALSE,1,0,20,15,1,19,blueBalloon.png,92,11,m,99,004,2021-04-08_20h18.15.513,bart,3.1.3,60
8,0.22,0.4,FALSE,1,0,20,10,1,19,blueBalloon.png,62,11,m,99,004,2021-04-08_20h18.15.513,bart,3.1.3,60
14,0.31,0.7,FALSE,1,0,20,7,1,19,blueBalloon.png,44,11,m,99,004,2021-04-08_20h18.15.513,bart,3.1.3,60
32,0.58,1.6,FALSE,1,0,20,13,1,19,blueBalloon.png,80,11,m,99,004,2021-04-08_20h18.15.513,bart,3.1.3,60
34,0.61,1.7,FALSE,1,0,20,11,1,19,blueBalloon.png,68,11,m,99,004,2021-04-08_20h18.15.513,bart,3.1.3,60
51,0.865,2.55,FALSE,1,0,20,17,1,19,blueBalloon.png,104,11,m,99,004,2021-04-08_20h18.15.513,bart,3.1.3,60
9,0.22,0,TRUE,1,0,20,1,1,19,blueBalloon.png,8,11,m,99,004,2021-04-08_20h18.15.513,bart,3.1.3,60
12,0.28,0.6,FALSE,1,0,20,6,1,19,blueBalloon.png,38,11,m,99,004,2021-04-08_20h18.15.513,bart,3.1.3,60
