nPumps,size,earnings,popped,trials.thisRepN,trials.thisTrialN,trials.thisN,trials.thisIndex,trials.ran,trials.order,imageFile,maxPumps,participant,gender (m/f),age,session,date,expName,psychopyVersion,frameRate
33,0.58,0,TRUE,1,0,20,5,1,19,blueBalloon.png,32,1254,m,23,004,2021-02-23_13h14.22.112,bart,3.1.3,60
25,0.475,1.25,FALSE,1,0,20,9,1,19,blueBalloon.png,56,1254,m,23,004,2021-02-23_13h14.22.112,bart,3.1.3,60
15,0.31,0,TRUE,1,0,20,2,1,19,blueBalloon.png,14,1254,m,23,004,2021-02-23_13h14.22.112,bart,3.1.3,60
3,0.13,0,TRUE,1,0,20,0,1,19,blueBalloon.png,2,1254,m,23,004,2021-02-23_13h14.22.112,bart,3.1.3,60
11,0.265,0.55,FALSE,1,0,20,15,1,19,blueBalloon.png,92,1254,m,23,004,2021-02-23_13h14.22.112,bart,3.1.3,60
