nPumps,size,earnings,popped,trials.thisRepN,trials.thisTrialN,trials.thisN,trials.thisIndex,trials.ran,trials.order,imageFile,maxPumps,participant,gender (m/f),age,session,date,expName,psychopyVersion,frameRate
33,0.58,0,TRUE,1,0,20,5,1,19,blueBalloon.png,32,12,m,21,004,2021-01-15_09h43.33.626,bart,3.1.3,60
33,0.595,1.65,FALSE,1,0,20,9,1,19,blueBalloon.png,56,12,m,21,004,2021-01-15_09h43.33.626,bart,3.1.3,60
15,0.31,0,TRUE,1,0,20,2,1,19,blueBalloon.png,14,12,m,21,004,2021-01-15_09h43.33.626,bart,3.1.3,60
3,0.13,0,TRUE,1,0,20,0,1,19,blueBalloon.png,2,12,m,21,004,2021-01-15_09h43.33.626,bart,3.1.3,60
13,0.295,0.65,FALSE,1,0,20,15,1,19,blueBalloon.png,92,12,m,21,004,2021-01-15_09h43.33.626,bart,3.1.3,60
10,0.25,0.5,FALSE,1,0,20,10,1,19,blueBalloon.png,62,12,m,21,004,2021-01-15_09h43.33.626,bart,3.1.3,60
11,0.265,0.55,FALSE,1,0,20,7,1,19,blueBalloon.png,44,12,m,21,004,2021-01-15_09h43.33.626,bart,3.1.3,60
11,0.265,0.55,FALSE,1,0,20,13,1,19,blueBalloon.png,80,12,m,21,004,2021-01-15_09h43.33.626,bart,3.1.3,60
12,0.28,0.6,FALSE,1,0,20,11,1,19,blueBalloon.png,68,12,m,21,004,2021-01-15_09h43.33.626,bart,3.1.3,60
12,0.28,0.6,FALSE,1,0,20,17,1,19,blueBalloon.png,104,12,m,21,004,2021-01-15_09h43.33.626,bart,3.1.3,60
9,0.22,0,TRUE,1,0,20,1,1,19,blueBalloon.png,8,12,m,21,004,2021-01-15_09h43.33.626,bart,3.1.3,60
1,0.115,0.05,FALSE,1,0,20,6,1,19,blueBalloon.png,38,12,m,21,004,2021-01-15_09h43.33.626,bart,3.1.3,60
2,0.13,0.1,FALSE,1,0,20,4,1,19,blueBalloon.png,26,12,m,21,004,2021-01-15_09h43.33.626,bart,3.1.3,60
2,0.13,0.1,FALSE,1,0,20,19,1,19,blueBalloon.png,116,12,m,21,004,2021-01-15_09h43.33.626,bart,3.1.3,60
2,0.13,0.1,FALSE,1,0,20,18,1,19,blueBalloon.png,110,12,m,21,004,2021-01-15_09h43.33.626,bart,3.1.3,60
2,0.13,0.1,FALSE,1,0,20,16,1,19,blueBalloon.png,98,12,m,21,004,2021-01-15_09h43.33.626,bart,3.1.3,60
2,0.13,0.1,FALSE,1,0,20,8,1,19,blueBalloon.png,50,12,m,21,004,2021-01-15_09h43.33.626,bart,3.1.3,60
2,0.13,0.1,FALSE,1,0,20,12,1,19,blueBalloon.png,74,12,m,21,004,2021-01-15_09h43.33.626,bart,3.1.3,60
2,0.13,0.1,FALSE,1,0,20,3,1,19,blueBalloon.png,20,12,m,21,004,2021-01-15_09h43.33.626,bart,3.1.3,60
1,0.115,0.05,FALSE,1,0,20,14,1,19,blueBalloon.png,86,12,m,21,004,2021-01-15_09h43.33.626,bart,3.1.3,60
