nPumps,size,earnings,popped,trials.thisRepN,trials.thisTrialN,trials.thisN,trials.thisIndex,trials.ran,trials.order,imageFile,maxPumps,participant,gender (m/f),age,session,date,expName,psychopyVersion,frameRate
20,0.4,1,FALSE,1,0,20,5,1,19,blueBalloon.png,32,1517,f,19,004,2020-12-20_22h07.03.036,bart,3.1.3,60
28,0.52,1.4,FALSE,1,0,20,9,1,19,blueBalloon.png,56,1517,f,19,004,2020-12-20_22h07.03.036,bart,3.1.3,60
9,0.235,0.45,FALSE,1,0,20,2,1,19,blueBalloon.png,14,1517,f,19,004,2020-12-20_22h07.03.036,bart,3.1.3,60
3,0.13,0,TRUE,1,0,20,0,1,19,blueBalloon.png,2,1517,f,19,004,2020-12-20_22h07.03.036,bart,3.1.3,60
40,0.7,2,FALSE,1,0,20,15,1,19,blueBalloon.png,92,1517,f,19,004,2020-12-20_22h07.03.036,bart,3.1.3,60
26,0.49,1.3,FALSE,1,0,20,10,1,19,blueBalloon.png,62,1517,f,19,004,2020-12-20_22h07.03.036,bart,3.1.3,60
20,0.4,1,FALSE,1,0,20,7,1,19,blueBalloon.png,44,1517,f,19,004,2020-12-20_22h07.03.036,bart,3.1.3,60
20,0.4,1,FALSE,1,0,20,13,1,19,blueBalloon.png,80,1517,f,19,004,2020-12-20_22h07.03.036,bart,3.1.3,60
