nPumps,size,earnings,popped,trials.thisRepN,trials.thisTrialN,trials.thisN,trials.thisIndex,trials.ran,trials.order,imageFile,maxPumps,participant,gender (m/f),age,session,date,expName,psychopyVersion,frameRate
20,0.4,1,FALSE,1,0,20,5,1,19,blueBalloon.png,32,1993,m,27,004,2020-12-08_08h49.00.738,bart,3.1.3,60
35,0.625,1.75,FALSE,1,0,20,9,1,19,blueBalloon.png,56,1993,m,27,004,2020-12-08_08h49.00.738,bart,3.1.3,60
15,0.31,0,TRUE,1,0,20,2,1,19,blueBalloon.png,14,1993,m,27,004,2020-12-08_08h49.00.738,bart,3.1.3,60
3,0.13,0,TRUE,1,0,20,0,1,19,blueBalloon.png,2,1993,m,27,004,2020-12-08_08h49.00.738,bart,3.1.3,60
