nPumps,size,earnings,popped,trials.thisRepN,trials.thisTrialN,trials.thisN,trials.thisIndex,trials.ran,trials.order,imageFile,maxPumps,participant,gender (m/f),age,session,date,expName,psychopyVersion,frameRate
33,0.58,0,TRUE,1,0,20,5,1,19,blueBalloon.png,32,1,1,11,004,2021-01-05_10h32.56.585,bart,3.1.3,60
57,0.94,0,TRUE,1,0,20,9,1,19,blueBalloon.png,56,1,1,11,004,2021-01-05_10h32.56.585,bart,3.1.3,60
15,0.31,0,TRUE,1,0,20,2,1,19,blueBalloon.png,14,1,1,11,004,2021-01-05_10h32.56.585,bart,3.1.3,60
3,0.13,0,TRUE,1,0,20,0,1,19,blueBalloon.png,2,1,1,11,004,2021-01-05_10h32.56.585,bart,3.1.3,60
93,1.48,0,TRUE,1,0,20,15,1,19,blueBalloon.png,92,1,1,11,004,2021-01-05_10h32.56.585,bart,3.1.3,60
59,0.985,2.95,FALSE,1,0,20,10,1,19,blueBalloon.png,62,1,1,11,004,2021-01-05_10h32.56.585,bart,3.1.3,60
1,0.115,0.05,FALSE,1,0,20,7,1,19,blueBalloon.png,44,1,1,11,004,2021-01-05_10h32.56.585,bart,3.1.3,60
0,0.1,0,FALSE,1,0,20,13,1,19,blueBalloon.png,80,1,1,11,004,2021-01-05_10h32.56.585,bart,3.1.3,60
1,0.115,0.05,FALSE,1,0,20,11,1,19,blueBalloon.png,68,1,1,11,004,2021-01-05_10h32.56.585,bart,3.1.3,60
0,0.1,0,FALSE,1,0,20,17,1,19,blueBalloon.png,104,1,1,11,004,2021-01-05_10h32.56.585,bart,3.1.3,60
0,0.1,0,FALSE,1,0,20,1,1,19,blueBalloon.png,8,1,1,11,004,2021-01-05_10h32.56.585,bart,3.1.3,60
