nPumps,size,earnings,popped,trials.thisRepN,trials.thisTrialN,trials.thisN,trials.thisIndex,trials.ran,trials.order,imageFile,maxPumps,participant,gender (m/f),age,session,date,expName,psychopyVersion,frameRate
14,0.31,0.7,FALSE,1,0,20,5,1,19,blueBalloon.png,32,1,1,40,004,2021-04-02_01h37.03.143,bart,3.1.3,60
33,0.595,1.65,FALSE,1,0,20,9,1,19,blueBalloon.png,56,1,1,40,004,2021-04-02_01h37.03.143,bart,3.1.3,60
15,0.31,0,TRUE,1,0,20,2,1,19,blueBalloon.png,14,1,1,40,004,2021-04-02_01h37.03.143,bart,3.1.3,60
3,0.13,0,TRUE,1,0,20,0,1,19,blueBalloon.png,2,1,1,40,004,2021-04-02_01h37.03.143,bart,3.1.3,60
8,0.22,0.4,FALSE,1,0,20,15,1,19,blueBalloon.png,92,1,1,40,004,2021-04-02_01h37.03.143,bart,3.1.3,60
14,0.31,0.7,FALSE,1,0,20,10,1,19,blueBalloon.png,62,1,1,40,004,2021-04-02_01h37.03.143,bart,3.1.3,60
23,0.445,1.15,FALSE,1,0,20,7,1,19,blueBalloon.png,44,1,1,40,004,2021-04-02_01h37.03.143,bart,3.1.3,60
