nPumps,size,earnings,popped,trials.thisRepN,trials.thisTrialN,trials.thisN,trials.thisIndex,trials.ran,trials.order,imageFile,maxPumps,participant,gender (m/f),age,session,date,expName,psychopyVersion,frameRate
33,0.58,0,TRUE,1,0,20,5,1,19,blueBalloon.png,32,1,m,20,004,2021-05-05_08h14.05.689,bart,3.1.3,60
18,0.37,0.9,FALSE,1,0,20,9,1,19,blueBalloon.png,56,1,m,20,004,2021-05-05_08h14.05.689,bart,3.1.3,60
7,0.205,0.35,FALSE,1,0,20,2,1,19,blueBalloon.png,14,1,m,20,004,2021-05-05_08h14.05.689,bart,3.1.3,60
3,0.13,0,TRUE,1,0,20,0,1,19,blueBalloon.png,2,1,m,20,004,2021-05-05_08h14.05.689,bart,3.1.3,60
