nPumps,size,earnings,popped,trials.thisRepN,trials.thisTrialN,trials.thisN,trials.thisIndex,trials.ran,trials.order,imageFile,maxPumps,participant,gender (m/f),age,session,date,expName,psychopyVersion,frameRate
9,0.235,0.45,FALSE,1,0,20,5,1,19,blueBalloon.png,32,1,m,23,004,2021-04-07_15h13.28.489,bart,3.1.3,60
16,0.34,0.8,FALSE,1,0,20,9,1,19,blueBalloon.png,56,1,m,23,004,2021-04-07_15h13.28.489,bart,3.1.3,60
15,0.31,0,TRUE,1,0,20,2,1,19,blueBalloon.png,14,1,m,23,004,2021-04-07_15h13.28.489,bart,3.1.3,60
3,0.13,0,TRUE,1,0,20,0,1,19,blueBalloon.png,2,1,m,23,004,2021-04-07_15h13.28.489,bart,3.1.3,60
