nPumps,size,earnings,popped,trials.thisRepN,trials.thisTrialN,trials.thisN,trials.thisIndex,trials.ran,trials.order,imageFile,maxPumps,participant,gender (m/f),age,session,date,expName,psychopyVersion,frameRate
33,0.58,0,TRUE,1,0,20,5,1,19,blueBalloon.png,32,1,m,11,004,2021-02-04_16h05.13.637,bart,3.1.3,60
57,0.94,0,TRUE,1,0,20,9,1,19,blueBalloon.png,56,1,m,11,004,2021-02-04_16h05.13.637,bart,3.1.3,60
15,0.31,0,TRUE,1,0,20,2,1,19,blueBalloon.png,14,1,m,11,004,2021-02-04_16h05.13.637,bart,3.1.3,60
3,0.13,0,TRUE,1,0,20,0,1,19,blueBalloon.png,2,1,m,11,004,2021-02-04_16h05.13.637,bart,3.1.3,60
93,1.48,0,TRUE,1,0,20,15,1,19,blueBalloon.png,92,1,m,11,004,2021-02-04_16h05.13.637,bart,3.1.3,60
1,0.115,0.05,FALSE,1,0,20,10,1,19,blueBalloon.png,62,1,m,11,004,2021-02-04_16h05.13.637,bart,3.1.3,60
