nPumps,size,earnings,popped,trials.thisRepN,trials.thisTrialN,trials.thisN,trials.thisIndex,trials.ran,trials.order,imageFile,maxPumps,participant,gender (m/f),age,session,date,expName,psychopyVersion,frameRate
5,0.175,0.25,FALSE,1,0,20,5,1,19,blueBalloon.png,32,1,f,11,004,2021-02-04_11h28.03.930,bart,3.1.3,60
33,0.595,1.65,FALSE,1,0,20,9,1,19,blueBalloon.png,56,1,f,11,004,2021-02-04_11h28.03.930,bart,3.1.3,60
15,0.31,0,TRUE,1,0,20,2,1,19,blueBalloon.png,14,1,f,11,004,2021-02-04_11h28.03.930,bart,3.1.3,60
3,0.13,0,TRUE,1,0,20,0,1,19,blueBalloon.png,2,1,f,11,004,2021-02-04_11h28.03.930,bart,3.1.3,60
14,0.31,0.7,FALSE,1,0,20,15,1,19,blueBalloon.png,92,1,f,11,004,2021-02-04_11h28.03.930,bart,3.1.3,60
14,0.31,0.7,FALSE,1,0,20,10,1,19,blueBalloon.png,62,1,f,11,004,2021-02-04_11h28.03.930,bart,3.1.3,60
15,0.325,0.75,FALSE,1,0,20,7,1,19,blueBalloon.png,44,1,f,11,004,2021-02-04_11h28.03.930,bart,3.1.3,60
13,0.295,0.65,FALSE,1,0,20,13,1,19,blueBalloon.png,80,1,f,11,004,2021-02-04_11h28.03.930,bart,3.1.3,60
21,0.415,1.05,FALSE,1,0,20,11,1,19,blueBalloon.png,68,1,f,11,004,2021-02-04_11h28.03.930,bart,3.1.3,60
21,0.415,1.05,FALSE,1,0,20,17,1,19,blueBalloon.png,104,1,f,11,004,2021-02-04_11h28.03.930,bart,3.1.3,60
9,0.22,0,TRUE,1,0,20,1,1,19,blueBalloon.png,8,1,f,11,004,2021-02-04_11h28.03.930,bart,3.1.3,60
18,0.37,0.9,FALSE,1,0,20,6,1,19,blueBalloon.png,38,1,f,11,004,2021-02-04_11h28.03.930,bart,3.1.3,60
27,0.49,0,TRUE,1,0,20,4,1,19,blueBalloon.png,26,1,f,11,004,2021-02-04_11h28.03.930,bart,3.1.3,60
29,0.535,1.45,FALSE,1,0,20,19,1,19,blueBalloon.png,116,1,f,11,004,2021-02-04_11h28.03.930,bart,3.1.3,60
