nPumps,size,earnings,popped,trials.thisRepN,trials.thisTrialN,trials.thisN,trials.thisIndex,trials.ran,trials.order,imageFile,maxPumps,participant,gender (m/f),age,session,date,expName,psychopyVersion,frameRate
33,0.58,0,TRUE,1,0,20,5,1,19,blueBalloon.png,32,1,f,21,004,2021-05-17_19h34.43.747,bart,3.1.3,60
30,0.55,1.5,FALSE,1,0,20,9,1,19,blueBalloon.png,56,1,f,21,004,2021-05-17_19h34.43.747,bart,3.1.3,60
0,0.1,0,FALSE,1,0,20,2,1,19,blueBalloon.png,14,1,f,21,004,2021-05-17_19h34.43.747,bart,3.1.3,60
0,0.1,0,FALSE,1,0,20,0,1,19,blueBalloon.png,2,1,f,21,004,2021-05-17_19h34.43.747,bart,3.1.3,60
37,0.655,1.85,FALSE,1,0,20,15,1,19,blueBalloon.png,92,1,f,21,004,2021-05-17_19h34.43.747,bart,3.1.3,60
