nPumps,size,earnings,popped,trials.thisRepN,trials.thisTrialN,trials.thisN,trials.thisIndex,trials.ran,trials.order,imageFile,maxPumps,participant,gender (m/f),age,session,date,expName,psychopyVersion,frameRate
24,0.46,1.2,FALSE,1,0,20,5,1,19,blueBalloon.png,32,2140,f,20,004,2020-12-16_20h18.14.576,bart,3.1.3,60
35,0.625,1.75,FALSE,1,0,20,9,1,19,blueBalloon.png,56,2140,f,20,004,2020-12-16_20h18.14.576,bart,3.1.3,60
15,0.31,0,TRUE,1,0,20,2,1,19,blueBalloon.png,14,2140,f,20,004,2020-12-16_20h18.14.576,bart,3.1.3,60
3,0.13,0,TRUE,1,0,20,0,1,19,blueBalloon.png,2,2140,f,20,004,2020-12-16_20h18.14.576,bart,3.1.3,60
20,0.4,1,FALSE,1,0,20,15,1,19,blueBalloon.png,92,2140,f,20,004,2020-12-16_20h18.14.576,bart,3.1.3,60
26,0.49,1.3,FALSE,1,0,20,10,1,19,blueBalloon.png,62,2140,f,20,004,2020-12-16_20h18.14.576,bart,3.1.3,60
22,0.43,1.1,FALSE,1,0,20,7,1,19,blueBalloon.png,44,2140,f,20,004,2020-12-16_20h18.14.576,bart,3.1.3,60
