nPumps,size,earnings,popped,trials.thisRepN,trials.thisTrialN,trials.thisN,trials.thisIndex,trials.ran,trials.order,imageFile,maxPumps,participant,gender (m/f),age,session,date,expName,psychopyVersion,frameRate
15,0.325,0.75,FALSE,1,0,20,5,1,19,blueBalloon.png,32,2311,m,20,001,2020-12-19_00h18.43.907,bart,3.1.3,60
12,0.28,0.6,FALSE,1,0,20,9,1,19,blueBalloon.png,56,2311,m,20,001,2020-12-19_00h18.43.907,bart,3.1.3,60
13,0.295,0.65,FALSE,1,0,20,2,1,19,blueBalloon.png,14,2311,m,20,001,2020-12-19_00h18.43.907,bart,3.1.3,60
3,0.13,0,TRUE,1,0,20,0,1,19,blueBalloon.png,2,2311,m,20,001,2020-12-19_00h18.43.907,bart,3.1.3,60
10,0.25,0.5,FALSE,1,0,20,15,1,19,blueBalloon.png,92,2311,m,20,001,2020-12-19_00h18.43.907,bart,3.1.3,60
12,0.28,0.6,FALSE,1,0,20,10,1,19,blueBalloon.png,62,2311,m,20,001,2020-12-19_00h18.43.907,bart,3.1.3,60
24,0.46,1.2,FALSE,1,0,20,7,1,19,blueBalloon.png,44,2311,m,20,001,2020-12-19_00h18.43.907,bart,3.1.3,60
32,0.58,1.6,FALSE,1,0,20,13,1,19,blueBalloon.png,80,2311,m,20,001,2020-12-19_00h18.43.907,bart,3.1.3,60
