nPumps,size,earnings,popped,trials.thisRepN,trials.thisTrialN,trials.thisN,trials.thisIndex,trials.ran,trials.order,imageFile,maxPumps,participant,gender (m/f),age,session,date,expName,psychopyVersion,frameRate
0,0.1,0,FALSE,1,0,20,5,1,19,blueBalloon.png,32,2311,m,20,001,2020-12-19_00h21.15.705,bart,3.1.3,60
20,0.4,1,FALSE,1,0,20,9,1,19,blueBalloon.png,56,2311,m,20,001,2020-12-19_00h21.15.705,bart,3.1.3,60
15,0.31,0,TRUE,1,0,20,2,1,19,blueBalloon.png,14,2311,m,20,001,2020-12-19_00h21.15.705,bart,3.1.3,60
3,0.13,0,TRUE,1,0,20,0,1,19,blueBalloon.png,2,2311,m,20,001,2020-12-19_00h21.15.705,bart,3.1.3,60
30,0.55,1.5,FALSE,1,0,20,15,1,19,blueBalloon.png,92,2311,m,20,001,2020-12-19_00h21.15.705,bart,3.1.3,60
24,0.46,1.2,FALSE,1,0,20,10,1,19,blueBalloon.png,62,2311,m,20,001,2020-12-19_00h21.15.705,bart,3.1.3,60
20,0.4,1,FALSE,1,0,20,7,1,19,blueBalloon.png,44,2311,m,20,001,2020-12-19_00h21.15.705,bart,3.1.3,60
10,0.25,0.5,FALSE,1,0,20,13,1,19,blueBalloon.png,80,2311,m,20,001,2020-12-19_00h21.15.705,bart,3.1.3,60
49,0.835,2.45,FALSE,1,0,20,11,1,19,blueBalloon.png,68,2311,m,20,001,2020-12-19_00h21.15.705,bart,3.1.3,60
57,0.955,2.85,FALSE,1,0,20,17,1,19,blueBalloon.png,104,2311,m,20,001,2020-12-19_00h21.15.705,bart,3.1.3,60
9,0.22,0,TRUE,1,0,20,1,1,19,blueBalloon.png,8,2311,m,20,001,2020-12-19_00h21.15.705,bart,3.1.3,60
39,0.67,0,TRUE,1,0,20,6,1,19,blueBalloon.png,38,2311,m,20,001,2020-12-19_00h21.15.705,bart,3.1.3,60
27,0.49,0,TRUE,1,0,20,4,1,19,blueBalloon.png,26,2311,m,20,001,2020-12-19_00h21.15.705,bart,3.1.3,60
10,0.25,0.5,FALSE,1,0,20,19,1,19,blueBalloon.png,116,2311,m,20,001,2020-12-19_00h21.15.705,bart,3.1.3,60
