nPumps,size,earnings,popped,trials.thisRepN,trials.thisTrialN,trials.thisN,trials.thisIndex,trials.ran,trials.order,imageFile,maxPumps,participant,gender (m/f),age,session,date,expName,psychopyVersion,frameRate
10,0.25,0.5,FALSE,1,0,20,5,1,19,blueBalloon.png,32,2556,m,21,004,2020-12-20_02h50.00.575,bart,3.1.3,60
20,0.4,1,FALSE,1,0,20,9,1,19,blueBalloon.png,56,2556,m,21,004,2020-12-20_02h50.00.575,bart,3.1.3,60
12,0.28,0.6,FALSE,1,0,20,2,1,19,blueBalloon.png,14,2556,m,21,004,2020-12-20_02h50.00.575,bart,3.1.3,60
3,0.13,0,TRUE,1,0,20,0,1,19,blueBalloon.png,2,2556,m,21,004,2020-12-20_02h50.00.575,bart,3.1.3,60
10,0.25,0.5,FALSE,1,0,20,15,1,19,blueBalloon.png,92,2556,m,21,004,2020-12-20_02h50.00.575,bart,3.1.3,60
20,0.4,1,FALSE,1,0,20,10,1,19,blueBalloon.png,62,2556,m,21,004,2020-12-20_02h50.00.575,bart,3.1.3,60
20,0.4,1,FALSE,1,0,20,7,1,19,blueBalloon.png,44,2556,m,21,004,2020-12-20_02h50.00.575,bart,3.1.3,60
10,0.25,0.5,FALSE,1,0,20,13,1,19,blueBalloon.png,80,2556,m,21,004,2020-12-20_02h50.00.575,bart,3.1.3,60
20,0.4,1,FALSE,1,0,20,11,1,19,blueBalloon.png,68,2556,m,21,004,2020-12-20_02h50.00.575,bart,3.1.3,60
30,0.55,1.5,FALSE,1,0,20,17,1,19,blueBalloon.png,104,2556,m,21,004,2020-12-20_02h50.00.575,bart,3.1.3,60
