nPumps,size,earnings,popped,trials.thisRepN,trials.thisTrialN,trials.thisN,trials.thisIndex,trials.ran,trials.order,imageFile,maxPumps,participant,gender (m/f),age,session,date,expName,psychopyVersion,frameRate
20,0.4,1,FALSE,1,0,20,5,1,19,blueBalloon.png,32,2765,m,23,004,2020-12-13_18h03.25.269,bart,3.1.3,60
32,0.58,1.6,FALSE,1,0,20,9,1,19,blueBalloon.png,56,2765,m,23,004,2020-12-13_18h03.25.269,bart,3.1.3,60
15,0.31,0,TRUE,1,0,20,2,1,19,blueBalloon.png,14,2765,m,23,004,2020-12-13_18h03.25.269,bart,3.1.3,60
3,0.13,0,TRUE,1,0,20,0,1,19,blueBalloon.png,2,2765,m,23,004,2020-12-13_18h03.25.269,bart,3.1.3,60
26,0.49,1.3,FALSE,1,0,20,15,1,19,blueBalloon.png,92,2765,m,23,004,2020-12-13_18h03.25.269,bart,3.1.3,60
30,0.55,1.5,FALSE,1,0,20,10,1,19,blueBalloon.png,62,2765,m,23,004,2020-12-13_18h03.25.269,bart,3.1.3,60
30,0.55,1.5,FALSE,1,0,20,7,1,19,blueBalloon.png,44,2765,m,23,004,2020-12-13_18h03.25.269,bart,3.1.3,60
30,0.55,1.5,FALSE,1,0,20,13,1,19,blueBalloon.png,80,2765,m,23,004,2020-12-13_18h03.25.269,bart,3.1.3,60
30,0.55,1.5,FALSE,1,0,20,11,1,19,blueBalloon.png,68,2765,m,23,004,2020-12-13_18h03.25.269,bart,3.1.3,60
35,0.625,1.75,FALSE,1,0,20,17,1,19,blueBalloon.png,104,2765,m,23,004,2020-12-13_18h03.25.269,bart,3.1.3,60
9,0.22,0,TRUE,1,0,20,1,1,19,blueBalloon.png,8,2765,m,23,004,2020-12-13_18h03.25.269,bart,3.1.3,60
39,0.67,0,TRUE,1,0,20,6,1,19,blueBalloon.png,38,2765,m,23,004,2020-12-13_18h03.25.269,bart,3.1.3,60
27,0.49,0,TRUE,1,0,20,4,1,19,blueBalloon.png,26,2765,m,23,004,2020-12-13_18h03.25.269,bart,3.1.3,60
32,0.58,1.6,FALSE,1,0,20,19,1,19,blueBalloon.png,116,2765,m,23,004,2020-12-13_18h03.25.269,bart,3.1.3,60
34,0.61,1.7,FALSE,1,0,20,18,1,19,blueBalloon.png,110,2765,m,23,004,2020-12-13_18h03.25.269,bart,3.1.3,60
