nPumps,size,earnings,popped,trials.thisRepN,trials.thisTrialN,trials.thisN,trials.thisIndex,trials.ran,trials.order,imageFile,maxPumps,participant,gender (m/f),age,session,date,expName,psychopyVersion,frameRate
27,0.505,1.35,FALSE,1,0,20,5,1,19,blueBalloon.png,32,3006,f,19,005,2020-12-19_14h28.31.101,bart,3.1.3,60
30,0.55,1.5,FALSE,1,0,20,9,1,19,blueBalloon.png,56,3006,f,19,005,2020-12-19_14h28.31.101,bart,3.1.3,60
15,0.31,0,TRUE,1,0,20,2,1,19,blueBalloon.png,14,3006,f,19,005,2020-12-19_14h28.31.101,bart,3.1.3,60
3,0.13,0,TRUE,1,0,20,0,1,19,blueBalloon.png,2,3006,f,19,005,2020-12-19_14h28.31.101,bart,3.1.3,60
10,0.25,0.5,FALSE,1,0,20,15,1,19,blueBalloon.png,92,3006,f,19,005,2020-12-19_14h28.31.101,bart,3.1.3,60
