nPumps,size,earnings,popped,trials.thisRepN,trials.thisTrialN,trials.thisN,trials.thisIndex,trials.ran,trials.order,imageFile,maxPumps,participant,gender (m/f),age,session,date,expName,psychopyVersion,frameRate
24,0.46,1.2,FALSE,1,0,20,5,1,19,blueBalloon.png,32,3006,f,19,004,2020-12-19_14h30.02.497,bart,3.1.3,60
39,0.685,1.95,FALSE,1,0,20,9,1,19,blueBalloon.png,56,3006,f,19,004,2020-12-19_14h30.02.497,bart,3.1.3,60
15,0.31,0,TRUE,1,0,20,2,1,19,blueBalloon.png,14,3006,f,19,004,2020-12-19_14h30.02.497,bart,3.1.3,60
3,0.13,0,TRUE,1,0,20,0,1,19,blueBalloon.png,2,3006,f,19,004,2020-12-19_14h30.02.497,bart,3.1.3,60
32,0.58,1.6,FALSE,1,0,20,15,1,19,blueBalloon.png,92,3006,f,19,004,2020-12-19_14h30.02.497,bart,3.1.3,60
34,0.61,1.7,FALSE,1,0,20,10,1,19,blueBalloon.png,62,3006,f,19,004,2020-12-19_14h30.02.497,bart,3.1.3,60
0,0.1,0,FALSE,1,0,20,7,1,19,blueBalloon.png,44,3006,f,19,004,2020-12-19_14h30.02.497,bart,3.1.3,60
0,0.1,0,FALSE,1,0,20,13,1,19,blueBalloon.png,80,3006,f,19,004,2020-12-19_14h30.02.497,bart,3.1.3,60
