nPumps,size,earnings,popped,trials.thisRepN,trials.thisTrialN,trials.thisN,trials.thisIndex,trials.ran,trials.order,imageFile,maxPumps,participant,gender (m/f),age,session,date,expName,psychopyVersion,frameRate
22,0.43,1.1,FALSE,1,0,20,5,1,19,blueBalloon.png,32,3196,,,004,2020-12-20_19h33.24.513,bart,3.1.3,60
26,0.49,1.3,FALSE,1,0,20,9,1,19,blueBalloon.png,56,3196,,,004,2020-12-20_19h33.24.513,bart,3.1.3,60
15,0.31,0,TRUE,1,0,20,2,1,19,blueBalloon.png,14,3196,,,004,2020-12-20_19h33.24.513,bart,3.1.3,60
3,0.13,0,TRUE,1,0,20,0,1,19,blueBalloon.png,2,3196,,,004,2020-12-20_19h33.24.513,bart,3.1.3,60
22,0.43,1.1,FALSE,1,0,20,15,1,19,blueBalloon.png,92,3196,,,004,2020-12-20_19h33.24.513,bart,3.1.3,60
24,0.46,1.2,FALSE,1,0,20,10,1,19,blueBalloon.png,62,3196,,,004,2020-12-20_19h33.24.513,bart,3.1.3,60
30,0.55,1.5,FALSE,1,0,20,7,1,19,blueBalloon.png,44,3196,,,004,2020-12-20_19h33.24.513,bart,3.1.3,60
28,0.52,1.4,FALSE,1,0,20,13,1,19,blueBalloon.png,80,3196,,,004,2020-12-20_19h33.24.513,bart,3.1.3,60
64,1.06,3.2,FALSE,1,0,20,11,1,19,blueBalloon.png,68,3196,,,004,2020-12-20_19h33.24.513,bart,3.1.3,60
105,1.66,0,TRUE,1,0,20,17,1,19,blueBalloon.png,104,3196,,,004,2020-12-20_19h33.24.513,bart,3.1.3,60
9,0.22,0,TRUE,1,0,20,1,1,19,blueBalloon.png,8,3196,,,004,2020-12-20_19h33.24.513,bart,3.1.3,60
39,0.67,0,TRUE,1,0,20,6,1,19,blueBalloon.png,38,3196,,,004,2020-12-20_19h33.24.513,bart,3.1.3,60
