nPumps,size,earnings,popped,trials.thisRepN,trials.thisTrialN,trials.thisN,trials.thisIndex,trials.ran,trials.order,imageFile,maxPumps,participant,gender (m/f),age,session,date,expName,psychopyVersion,frameRate,doneKey.keys,doneKey.rt
33,0.58,0,TRUE,1,0,20,5,1,19,blueBalloon.png,32,3367,male,20,004,2020-12-20_22h41.19.155,bart,3.1.3,60,,
28,0.52,1.4,FALSE,1,0,20,9,1,19,blueBalloon.png,56,3367,male,20,004,2020-12-20_22h41.19.155,bart,3.1.3,60,,
15,0.31,0,TRUE,1,0,20,2,1,19,blueBalloon.png,14,3367,male,20,004,2020-12-20_22h41.19.155,bart,3.1.3,60,,
3,0.13,0,TRUE,1,0,20,0,1,19,blueBalloon.png,2,3367,male,20,004,2020-12-20_22h41.19.155,bart,3.1.3,60,,
26,0.49,1.3,FALSE,1,0,20,15,1,19,blueBalloon.png,92,3367,male,20,004,2020-12-20_22h41.19.155,bart,3.1.3,60,,
30,0.55,1.5,FALSE,1,0,20,10,1,19,blueBalloon.png,62,3367,male,20,004,2020-12-20_22h41.19.155,bart,3.1.3,60,,
40,0.7,2,FALSE,1,0,20,7,1,19,blueBalloon.png,44,3367,male,20,004,2020-12-20_22h41.19.155,bart,3.1.3,60,,
46,0.79,2.3,FALSE,1,0,20,13,1,19,blueBalloon.png,80,3367,male,20,004,2020-12-20_22h41.19.155,bart,3.1.3,60,,
50,0.85,2.5,FALSE,1,0,20,11,1,19,blueBalloon.png,68,3367,male,20,004,2020-12-20_22h41.19.155,bart,3.1.3,60,,
54,0.91,2.7,FALSE,1,0,20,17,1,19,blueBalloon.png,104,3367,male,20,004,2020-12-20_22h41.19.155,bart,3.1.3,60,,
9,0.22,0,TRUE,1,0,20,1,1,19,blueBalloon.png,8,3367,male,20,004,2020-12-20_22h41.19.155,bart,3.1.3,60,,
39,0.67,0,TRUE,1,0,20,6,1,19,blueBalloon.png,38,3367,male,20,004,2020-12-20_22h41.19.155,bart,3.1.3,60,,
27,0.49,0,TRUE,1,0,20,4,1,19,blueBalloon.png,26,3367,male,20,004,2020-12-20_22h41.19.155,bart,3.1.3,60,,
16,0.34,0.8,FALSE,1,0,20,19,1,19,blueBalloon.png,116,3367,male,20,004,2020-12-20_22h41.19.155,bart,3.1.3,60,,
25,0.475,1.25,FALSE,1,0,20,18,1,19,blueBalloon.png,110,3367,male,20,004,2020-12-20_22h41.19.155,bart,3.1.3,60,,
42,0.73,2.1,FALSE,1,0,20,16,1,19,blueBalloon.png,98,3367,male,20,004,2020-12-20_22h41.19.155,bart,3.1.3,60,,
51,0.85,0,TRUE,1,0,20,8,1,19,blueBalloon.png,50,3367,male,20,004,2020-12-20_22h41.19.155,bart,3.1.3,60,,
30,0.55,1.5,FALSE,1,0,20,12,1,19,blueBalloon.png,74,3367,male,20,004,2020-12-20_22h41.19.155,bart,3.1.3,60,,
21,0.4,0,TRUE,1,0,20,3,1,19,blueBalloon.png,20,3367,male,20,004,2020-12-20_22h41.19.155,bart,3.1.3,60,,
31,0.565,1.55,FALSE,1,0,20,14,1,19,blueBalloon.png,86,3367,male,20,004,2020-12-20_22h41.19.155,bart,3.1.3,60,,
,,,,,,,,,,,,3367,male,20,004,2020-12-20_22h41.19.155,bart,3.1.3,60,space,0.386999846
