nPumps,size,earnings,popped,trials.thisRepN,trials.thisTrialN,trials.thisN,trials.thisIndex,trials.ran,trials.order,imageFile,maxPumps,participant,gender (m/f),age,session,date,expName,psychopyVersion,frameRate
18,0.37,0.9,FALSE,1,0,20,5,1,19,blueBalloon.png,32,3723,f,21,004,2020-12-20_22h03.22.490,bart,3.1.3,60
10,0.25,0.5,FALSE,1,0,20,9,1,19,blueBalloon.png,56,3723,f,21,004,2020-12-20_22h03.22.490,bart,3.1.3,60
15,0.31,0,TRUE,1,0,20,2,1,19,blueBalloon.png,14,3723,f,21,004,2020-12-20_22h03.22.490,bart,3.1.3,60
3,0.13,0,TRUE,1,0,20,0,1,19,blueBalloon.png,2,3723,f,21,004,2020-12-20_22h03.22.490,bart,3.1.3,60
8,0.22,0.4,FALSE,1,0,20,15,1,19,blueBalloon.png,92,3723,f,21,004,2020-12-20_22h03.22.490,bart,3.1.3,60
2,0.13,0.1,FALSE,1,0,20,10,1,19,blueBalloon.png,62,3723,f,21,004,2020-12-20_22h03.22.490,bart,3.1.3,60
11,0.265,0.55,FALSE,1,0,20,7,1,19,blueBalloon.png,44,3723,f,21,004,2020-12-20_22h03.22.490,bart,3.1.3,60
10,0.25,0.5,FALSE,1,0,20,13,1,19,blueBalloon.png,80,3723,f,21,004,2020-12-20_22h03.22.490,bart,3.1.3,60
15,0.325,0.75,FALSE,1,0,20,11,1,19,blueBalloon.png,68,3723,f,21,004,2020-12-20_22h03.22.490,bart,3.1.3,60
17,0.355,0.85,FALSE,1,0,20,17,1,19,blueBalloon.png,104,3723,f,21,004,2020-12-20_22h03.22.490,bart,3.1.3,60
9,0.22,0,TRUE,1,0,20,1,1,19,blueBalloon.png,8,3723,f,21,004,2020-12-20_22h03.22.490,bart,3.1.3,60
