nPumps,size,earnings,popped,trials.thisRepN,trials.thisTrialN,trials.thisN,trials.thisIndex,trials.ran,trials.order,imageFile,maxPumps,participant,gender (m/f),age,session,date,expName,psychopyVersion,frameRate
33,0.58,0,TRUE,1,0,20,5,1,19,blueBalloon.png,32,3723,f,21,004,2020-12-20_22h15.38.207,bart,3.1.3,60
7,0.205,0.35,FALSE,1,0,20,9,1,19,blueBalloon.png,56,3723,f,21,004,2020-12-20_22h15.38.207,bart,3.1.3,60
15,0.31,0,TRUE,1,0,20,2,1,19,blueBalloon.png,14,3723,f,21,004,2020-12-20_22h15.38.207,bart,3.1.3,60
3,0.13,0,TRUE,1,0,20,0,1,19,blueBalloon.png,2,3723,f,21,004,2020-12-20_22h15.38.207,bart,3.1.3,60
22,0.43,1.1,FALSE,1,0,20,15,1,19,blueBalloon.png,92,3723,f,21,004,2020-12-20_22h15.38.207,bart,3.1.3,60
15,0.325,0.75,FALSE,1,0,20,10,1,19,blueBalloon.png,62,3723,f,21,004,2020-12-20_22h15.38.207,bart,3.1.3,60
10,0.25,0.5,FALSE,1,0,20,7,1,19,blueBalloon.png,44,3723,f,21,004,2020-12-20_22h15.38.207,bart,3.1.3,60
25,0.475,1.25,FALSE,1,0,20,13,1,19,blueBalloon.png,80,3723,f,21,004,2020-12-20_22h15.38.207,bart,3.1.3,60
7,0.205,0.35,FALSE,1,0,20,11,1,19,blueBalloon.png,68,3723,f,21,004,2020-12-20_22h15.38.207,bart,3.1.3,60
27,0.505,1.35,FALSE,1,0,20,17,1,19,blueBalloon.png,104,3723,f,21,004,2020-12-20_22h15.38.207,bart,3.1.3,60
