nPumps,size,earnings,popped,trials.thisRepN,trials.thisTrialN,trials.thisN,trials.thisIndex,trials.ran,trials.order,imageFile,maxPumps,participant,gender (m/f),age,session,date,expName,psychopyVersion,frameRate
30,0.55,1.5,FALSE,1,0,20,5,1,19,blueBalloon.png,32,3723,f,21,004,2020-12-20_22h12.17.657,bart,3.1.3,60
10,0.25,0.5,FALSE,1,0,20,9,1,19,blueBalloon.png,56,3723,f,21,004,2020-12-20_22h12.17.657,bart,3.1.3,60
7,0.205,0.35,FALSE,1,0,20,2,1,19,blueBalloon.png,14,3723,f,21,004,2020-12-20_22h12.17.657,bart,3.1.3,60
3,0.13,0,TRUE,1,0,20,0,1,19,blueBalloon.png,2,3723,f,21,004,2020-12-20_22h12.17.657,bart,3.1.3,60
12,0.28,0.6,FALSE,1,0,20,15,1,19,blueBalloon.png,92,3723,f,21,004,2020-12-20_22h12.17.657,bart,3.1.3,60
6,0.19,0.3,FALSE,1,0,20,10,1,19,blueBalloon.png,62,3723,f,21,004,2020-12-20_22h12.17.657,bart,3.1.3,60
20,0.4,1,FALSE,1,0,20,7,1,19,blueBalloon.png,44,3723,f,21,004,2020-12-20_22h12.17.657,bart,3.1.3,60
15,0.325,0.75,FALSE,1,0,20,13,1,19,blueBalloon.png,80,3723,f,21,004,2020-12-20_22h12.17.657,bart,3.1.3,60
3,0.145,0.15,FALSE,1,0,20,11,1,19,blueBalloon.png,68,3723,f,21,004,2020-12-20_22h12.17.657,bart,3.1.3,60
40,0.7,2,FALSE,1,0,20,17,1,19,blueBalloon.png,104,3723,f,21,004,2020-12-20_22h12.17.657,bart,3.1.3,60
9,0.22,0,TRUE,1,0,20,1,1,19,blueBalloon.png,8,3723,f,21,004,2020-12-20_22h12.17.657,bart,3.1.3,60
