nPumps,size,earnings,popped,trials.thisRepN,trials.thisTrialN,trials.thisN,trials.thisIndex,trials.ran,trials.order,imageFile,maxPumps,participant,gender (m/f),age,session,date,expName,psychopyVersion,frameRate
16,0.34,0.8,FALSE,1,0,20,5,1,19,blueBalloon.png,32,3723,f,21,004,2020-12-20_22h06.41.039,bart,3.1.3,60
4,0.16,0.2,FALSE,1,0,20,9,1,19,blueBalloon.png,56,3723,f,21,004,2020-12-20_22h06.41.039,bart,3.1.3,60
14,0.31,0.7,FALSE,1,0,20,2,1,19,blueBalloon.png,14,3723,f,21,004,2020-12-20_22h06.41.039,bart,3.1.3,60
3,0.13,0,TRUE,1,0,20,0,1,19,blueBalloon.png,2,3723,f,21,004,2020-12-20_22h06.41.039,bart,3.1.3,60
14,0.31,0.7,FALSE,1,0,20,15,1,19,blueBalloon.png,92,3723,f,21,004,2020-12-20_22h06.41.039,bart,3.1.3,60
20,0.4,1,FALSE,1,0,20,10,1,19,blueBalloon.png,62,3723,f,21,004,2020-12-20_22h06.41.039,bart,3.1.3,60
3,0.145,0.15,FALSE,1,0,20,7,1,19,blueBalloon.png,44,3723,f,21,004,2020-12-20_22h06.41.039,bart,3.1.3,60
13,0.295,0.65,FALSE,1,0,20,13,1,19,blueBalloon.png,80,3723,f,21,004,2020-12-20_22h06.41.039,bart,3.1.3,60
26,0.49,1.3,FALSE,1,0,20,11,1,19,blueBalloon.png,68,3723,f,21,004,2020-12-20_22h06.41.039,bart,3.1.3,60
