nPumps,size,earnings,popped,trials.thisRepN,trials.thisTrialN,trials.thisN,trials.thisIndex,trials.ran,trials.order,imageFile,maxPumps,participant,gender (m/f),age,session,date,expName,psychopyVersion,frameRate,doneKey.keys,doneKey.rt
5,0.175,0.25,FALSE,1,0,20,5,1,19,blueBalloon.png,32,3740,Male,20,004,2020-12-20_20h46.06.251,bart,3.1.3,60,,
10,0.25,0.5,FALSE,1,0,20,9,1,19,blueBalloon.png,56,3740,Male,20,004,2020-12-20_20h46.06.251,bart,3.1.3,60,,
15,0.31,0,TRUE,1,0,20,2,1,19,blueBalloon.png,14,3740,Male,20,004,2020-12-20_20h46.06.251,bart,3.1.3,60,,
3,0.13,0,TRUE,1,0,20,0,1,19,blueBalloon.png,2,3740,Male,20,004,2020-12-20_20h46.06.251,bart,3.1.3,60,,
10,0.25,0.5,FALSE,1,0,20,15,1,19,blueBalloon.png,92,3740,Male,20,004,2020-12-20_20h46.06.251,bart,3.1.3,60,,
16,0.34,0.8,FALSE,1,0,20,10,1,19,blueBalloon.png,62,3740,Male,20,004,2020-12-20_20h46.06.251,bart,3.1.3,60,,
20,0.4,1,FALSE,1,0,20,7,1,19,blueBalloon.png,44,3740,Male,20,004,2020-12-20_20h46.06.251,bart,3.1.3,60,,
13,0.295,0.65,FALSE,1,0,20,13,1,19,blueBalloon.png,80,3740,Male,20,004,2020-12-20_20h46.06.251,bart,3.1.3,60,,
13,0.295,0.65,FALSE,1,0,20,11,1,19,blueBalloon.png,68,3740,Male,20,004,2020-12-20_20h46.06.251,bart,3.1.3,60,,
14,0.31,0.7,FALSE,1,0,20,17,1,19,blueBalloon.png,104,3740,Male,20,004,2020-12-20_20h46.06.251,bart,3.1.3,60,,
0,0.1,0,FALSE,1,0,20,1,1,19,blueBalloon.png,8,3740,Male,20,004,2020-12-20_20h46.06.251,bart,3.1.3,60,,
16,0.34,0.8,FALSE,1,0,20,6,1,19,blueBalloon.png,38,3740,Male,20,004,2020-12-20_20h46.06.251,bart,3.1.3,60,,
0,0.1,0,FALSE,1,0,20,4,1,19,blueBalloon.png,26,3740,Male,20,004,2020-12-20_20h46.06.251,bart,3.1.3,60,,
12,0.28,0.6,FALSE,1,0,20,19,1,19,blueBalloon.png,116,3740,Male,20,004,2020-12-20_20h46.06.251,bart,3.1.3,60,,
0,0.1,0,FALSE,1,0,20,18,1,19,blueBalloon.png,110,3740,Male,20,004,2020-12-20_20h46.06.251,bart,3.1.3,60,,
30,0.55,1.5,FALSE,1,0,20,16,1,19,blueBalloon.png,98,3740,Male,20,004,2020-12-20_20h46.06.251,bart,3.1.3,60,,
0,0.1,0,FALSE,1,0,20,8,1,19,blueBalloon.png,50,3740,Male,20,004,2020-12-20_20h46.06.251,bart,3.1.3,60,,
17,0.355,0.85,FALSE,1,0,20,12,1,19,blueBalloon.png,74,3740,Male,20,004,2020-12-20_20h46.06.251,bart,3.1.3,60,,
21,0.4,0,TRUE,1,0,20,3,1,19,blueBalloon.png,20,3740,Male,20,004,2020-12-20_20h46.06.251,bart,3.1.3,60,,
18,0.37,0.9,FALSE,1,0,20,14,1,19,blueBalloon.png,86,3740,Male,20,004,2020-12-20_20h46.06.251,bart,3.1.3,60,,
,,,,,,,,,,,,3740,Male,20,004,2020-12-20_20h46.06.251,bart,3.1.3,60,space,0.278000116
