nPumps,size,earnings,popped,trials.thisRepN,trials.thisTrialN,trials.thisN,trials.thisIndex,trials.ran,trials.order,imageFile,maxPumps,participant,gender (m/f),age,session,date,expName,psychopyVersion,frameRate,doneKey.keys,doneKey.rt
9,0.235,0.45,FALSE,1,0,20,5,1,19,blueBalloon.png,32,3744,N/A,N/A,004,2020-12-20_16h50.40.112,bart,3.1.3,60,,
17,0.355,0.85,FALSE,1,0,20,9,1,19,blueBalloon.png,56,3744,N/A,N/A,004,2020-12-20_16h50.40.112,bart,3.1.3,60,,
3,0.145,0.15,FALSE,1,0,20,2,1,19,blueBalloon.png,14,3744,N/A,N/A,004,2020-12-20_16h50.40.112,bart,3.1.3,60,,
1,0.115,0.05,FALSE,1,0,20,0,1,19,blueBalloon.png,2,3744,N/A,N/A,004,2020-12-20_16h50.40.112,bart,3.1.3,60,,
8,0.22,0.4,FALSE,1,0,20,15,1,19,blueBalloon.png,92,3744,N/A,N/A,004,2020-12-20_16h50.40.112,bart,3.1.3,60,,
9,0.235,0.45,FALSE,1,0,20,10,1,19,blueBalloon.png,62,3744,N/A,N/A,004,2020-12-20_16h50.40.112,bart,3.1.3,60,,
11,0.265,0.55,FALSE,1,0,20,7,1,19,blueBalloon.png,44,3744,N/A,N/A,004,2020-12-20_16h50.40.112,bart,3.1.3,60,,
15,0.325,0.75,FALSE,1,0,20,13,1,19,blueBalloon.png,80,3744,N/A,N/A,004,2020-12-20_16h50.40.112,bart,3.1.3,60,,
16,0.34,0.8,FALSE,1,0,20,11,1,19,blueBalloon.png,68,3744,N/A,N/A,004,2020-12-20_16h50.40.112,bart,3.1.3,60,,
17,0.355,0.85,FALSE,1,0,20,17,1,19,blueBalloon.png,104,3744,N/A,N/A,004,2020-12-20_16h50.40.112,bart,3.1.3,60,,
9,0.22,0,TRUE,1,0,20,1,1,19,blueBalloon.png,8,3744,N/A,N/A,004,2020-12-20_16h50.40.112,bart,3.1.3,60,,
11,0.265,0.55,FALSE,1,0,20,6,1,19,blueBalloon.png,38,3744,N/A,N/A,004,2020-12-20_16h50.40.112,bart,3.1.3,60,,
12,0.28,0.6,FALSE,1,0,20,4,1,19,blueBalloon.png,26,3744,N/A,N/A,004,2020-12-20_16h50.40.112,bart,3.1.3,60,,
15,0.325,0.75,FALSE,1,0,20,19,1,19,blueBalloon.png,116,3744,N/A,N/A,004,2020-12-20_16h50.40.112,bart,3.1.3,60,,
19,0.385,0.95,FALSE,1,0,20,18,1,19,blueBalloon.png,110,3744,N/A,N/A,004,2020-12-20_16h50.40.112,bart,3.1.3,60,,
15,0.325,0.75,FALSE,1,0,20,16,1,19,blueBalloon.png,98,3744,N/A,N/A,004,2020-12-20_16h50.40.112,bart,3.1.3,60,,
18,0.37,0.9,FALSE,1,0,20,8,1,19,blueBalloon.png,50,3744,N/A,N/A,004,2020-12-20_16h50.40.112,bart,3.1.3,60,,
16,0.34,0.8,FALSE,1,0,20,12,1,19,blueBalloon.png,74,3744,N/A,N/A,004,2020-12-20_16h50.40.112,bart,3.1.3,60,,
14,0.31,0.7,FALSE,1,0,20,3,1,19,blueBalloon.png,20,3744,N/A,N/A,004,2020-12-20_16h50.40.112,bart,3.1.3,60,,
20,0.4,1,FALSE,1,0,20,14,1,19,blueBalloon.png,86,3744,N/A,N/A,004,2020-12-20_16h50.40.112,bart,3.1.3,60,,
,,,,,,,,,,,,3744,N/A,N/A,004,2020-12-20_16h50.40.112,bart,3.1.3,60,return,12.02100015
