nPumps,size,earnings,popped,trials.thisRepN,trials.thisTrialN,trials.thisN,trials.thisIndex,trials.ran,trials.order,imageFile,maxPumps,participant,gender (m/f),age,session,date,expName,psychopyVersion,frameRate
9,0.235,0.45,FALSE,1,0,20,5,1,19,blueBalloon.png,32,3744,NA,NA,004,2020-12-20_16h48.39.972,bart,3.1.3,60
18,0.37,0.9,FALSE,1,0,20,9,1,19,blueBalloon.png,56,3744,NA,NA,004,2020-12-20_16h48.39.972,bart,3.1.3,60
15,0.31,0,TRUE,1,0,20,2,1,19,blueBalloon.png,14,3744,NA,NA,004,2020-12-20_16h48.39.972,bart,3.1.3,60
3,0.13,0,TRUE,1,0,20,0,1,19,blueBalloon.png,2,3744,NA,NA,004,2020-12-20_16h48.39.972,bart,3.1.3,60
8,0.22,0.4,FALSE,1,0,20,15,1,19,blueBalloon.png,92,3744,NA,NA,004,2020-12-20_16h48.39.972,bart,3.1.3,60
13,0.295,0.65,FALSE,1,0,20,10,1,19,blueBalloon.png,62,3744,NA,NA,004,2020-12-20_16h48.39.972,bart,3.1.3,60
8,0.22,0.4,FALSE,1,0,20,7,1,19,blueBalloon.png,44,3744,NA,NA,004,2020-12-20_16h48.39.972,bart,3.1.3,60
