nPumps,size,earnings,popped,trials.thisRepN,trials.thisTrialN,trials.thisN,trials.thisIndex,trials.ran,trials.order,imageFile,maxPumps,participant,gender (m/f),age,session,date,expName,psychopyVersion,frameRate
13,0.295,0.65,FALSE,1,0,20,5,1,19,blueBalloon.png,32,7,f,33,004,2021-01-15_09h43.24.435,bart,3.1.3,60
18,0.37,0.9,FALSE,1,0,20,9,1,19,blueBalloon.png,56,7,f,33,004,2021-01-15_09h43.24.435,bart,3.1.3,60
15,0.31,0,TRUE,1,0,20,2,1,19,blueBalloon.png,14,7,f,33,004,2021-01-15_09h43.24.435,bart,3.1.3,60
3,0.13,0,TRUE,1,0,20,0,1,19,blueBalloon.png,2,7,f,33,004,2021-01-15_09h43.24.435,bart,3.1.3,60
21,0.415,1.05,FALSE,1,0,20,15,1,19,blueBalloon.png,92,7,f,33,004,2021-01-15_09h43.24.435,bart,3.1.3,60
26,0.49,1.3,FALSE,1,0,20,10,1,19,blueBalloon.png,62,7,f,33,004,2021-01-15_09h43.24.435,bart,3.1.3,60
32,0.58,1.6,FALSE,1,0,20,7,1,19,blueBalloon.png,44,7,f,33,004,2021-01-15_09h43.24.435,bart,3.1.3,60
