nPumps,size,earnings,popped,trials.thisRepN,trials.thisTrialN,trials.thisN,trials.thisIndex,trials.ran,trials.order,imageFile,maxPumps,participant,gender (m/f),age,session,date,expName,psychopyVersion,frameRate
33,0.58,0,TRUE,1,0,20,5,1,19,blueBalloon.png,32,99999,m,19,004,2021-04-16_14h08.45.077,bart,3.1.3,60
44,0.76,2.2,FALSE,1,0,20,9,1,19,blueBalloon.png,56,99999,m,19,004,2021-04-16_14h08.45.077,bart,3.1.3,60
15,0.31,0,TRUE,1,0,20,2,1,19,blueBalloon.png,14,99999,m,19,004,2021-04-16_14h08.45.077,bart,3.1.3,60
3,0.13,0,TRUE,1,0,20,0,1,19,blueBalloon.png,2,99999,m,19,004,2021-04-16_14h08.45.077,bart,3.1.3,60
40,0.7,2,FALSE,1,0,20,15,1,19,blueBalloon.png,92,99999,m,19,004,2021-04-16_14h08.45.077,bart,3.1.3,60
51,0.865,2.55,FALSE,1,0,20,10,1,19,blueBalloon.png,62,99999,m,19,004,2021-04-16_14h08.45.077,bart,3.1.3,60
45,0.76,0,TRUE,1,0,20,7,1,19,blueBalloon.png,44,99999,m,19,004,2021-04-16_14h08.45.077,bart,3.1.3,60
59,0.985,2.95,FALSE,1,0,20,13,1,19,blueBalloon.png,80,99999,m,19,004,2021-04-16_14h08.45.077,bart,3.1.3,60
50,0.85,2.5,FALSE,1,0,20,11,1,19,blueBalloon.png,68,99999,m,19,004,2021-04-16_14h08.45.077,bart,3.1.3,60
