nPumps,size,earnings,popped,trials.thisRepN,trials.thisTrialN,trials.thisN,trials.thisIndex,trials.ran,trials.order,imageFile,maxPumps,participant,gender (m/f),age,session,date,expName,psychopyVersion,frameRate,doneKey.keys,doneKey.rt
33,0.58,0,TRUE,1,0,20,5,1,19,blueBalloon.png,32,Ailyah,f,12,004,2021-05-14_12h27.35.627,bart,3.1.3,60,,
57,0.94,0,TRUE,1,0,20,9,1,19,blueBalloon.png,56,Ailyah,f,12,004,2021-05-14_12h27.35.627,bart,3.1.3,60,,
15,0.31,0,TRUE,1,0,20,2,1,19,blueBalloon.png,14,Ailyah,f,12,004,2021-05-14_12h27.35.627,bart,3.1.3,60,,
3,0.13,0,TRUE,1,0,20,0,1,19,blueBalloon.png,2,Ailyah,f,12,004,2021-05-14_12h27.35.627,bart,3.1.3,60,,
62,1.03,3.1,FALSE,1,0,20,15,1,19,blueBalloon.png,92,Ailyah,f,12,004,2021-05-14_12h27.35.627,bart,3.1.3,60,,
63,1.03,0,TRUE,1,0,20,10,1,19,blueBalloon.png,62,Ailyah,f,12,004,2021-05-14_12h27.35.627,bart,3.1.3,60,,
32,0.58,1.6,FALSE,1,0,20,7,1,19,blueBalloon.png,44,Ailyah,f,12,004,2021-05-14_12h27.35.627,bart,3.1.3,60,,
53,0.895,2.65,FALSE,1,0,20,13,1,19,blueBalloon.png,80,Ailyah,f,12,004,2021-05-14_12h27.35.627,bart,3.1.3,60,,
30,0.55,1.5,FALSE,1,0,20,11,1,19,blueBalloon.png,68,Ailyah,f,12,004,2021-05-14_12h27.35.627,bart,3.1.3,60,,
48,0.82,2.4,FALSE,1,0,20,17,1,19,blueBalloon.png,104,Ailyah,f,12,004,2021-05-14_12h27.35.627,bart,3.1.3,60,,
9,0.22,0,TRUE,1,0,20,1,1,19,blueBalloon.png,8,Ailyah,f,12,004,2021-05-14_12h27.35.627,bart,3.1.3,60,,
31,0.565,1.55,FALSE,1,0,20,6,1,19,blueBalloon.png,38,Ailyah,f,12,004,2021-05-14_12h27.35.627,bart,3.1.3,60,,
27,0.49,0,TRUE,1,0,20,4,1,19,blueBalloon.png,26,Ailyah,f,12,004,2021-05-14_12h27.35.627,bart,3.1.3,60,,
21,0.415,1.05,FALSE,1,0,20,19,1,19,blueBalloon.png,116,Ailyah,f,12,004,2021-05-14_12h27.35.627,bart,3.1.3,60,,
20,0.4,1,FALSE,1,0,20,18,1,19,blueBalloon.png,110,Ailyah,f,12,004,2021-05-14_12h27.35.627,bart,3.1.3,60,,
24,0.46,1.2,FALSE,1,0,20,16,1,19,blueBalloon.png,98,Ailyah,f,12,004,2021-05-14_12h27.35.627,bart,3.1.3,60,,
26,0.49,1.3,FALSE,1,0,20,8,1,19,blueBalloon.png,50,Ailyah,f,12,004,2021-05-14_12h27.35.627,bart,3.1.3,60,,
29,0.535,1.45,FALSE,1,0,20,12,1,19,blueBalloon.png,74,Ailyah,f,12,004,2021-05-14_12h27.35.627,bart,3.1.3,60,,
21,0.4,0,TRUE,1,0,20,3,1,19,blueBalloon.png,20,Ailyah,f,12,004,2021-05-14_12h27.35.627,bart,3.1.3,60,,
28,0.52,1.4,FALSE,1,0,20,14,1,19,blueBalloon.png,86,Ailyah,f,12,004,2021-05-14_12h27.35.627,bart,3.1.3,60,,
,,,,,,,,,,,,Ailyah,f,12,004,2021-05-14_12h27.35.627,bart,3.1.3,60,space,0.248000145
