nPumps,size,earnings,popped,trials.thisRepN,trials.thisTrialN,trials.thisN,trials.thisIndex,trials.ran,trials.order,imageFile,maxPumps,participant,gender (m/f),age,session,date,expName,psychopyVersion,frameRate,doneKey.keys,doneKey.rt
33,0.58,0,TRUE,1,0,20,5,1,19,blueBalloon.png,32,Aimee,f,12,004,2021-05-19_14h10.21.093,bart,3.1.3,60,,
26,0.49,1.3,FALSE,1,0,20,9,1,19,blueBalloon.png,56,Aimee,f,12,004,2021-05-19_14h10.21.093,bart,3.1.3,60,,
15,0.31,0,TRUE,1,0,20,2,1,19,blueBalloon.png,14,Aimee,f,12,004,2021-05-19_14h10.21.093,bart,3.1.3,60,,
3,0.13,0,TRUE,1,0,20,0,1,19,blueBalloon.png,2,Aimee,f,12,004,2021-05-19_14h10.21.093,bart,3.1.3,60,,
9,0.235,0.45,FALSE,1,0,20,15,1,19,blueBalloon.png,92,Aimee,f,12,004,2021-05-19_14h10.21.093,bart,3.1.3,60,,
17,0.355,0.85,FALSE,1,0,20,10,1,19,blueBalloon.png,62,Aimee,f,12,004,2021-05-19_14h10.21.093,bart,3.1.3,60,,
14,0.31,0.7,FALSE,1,0,20,7,1,19,blueBalloon.png,44,Aimee,f,12,004,2021-05-19_14h10.21.093,bart,3.1.3,60,,
20,0.4,1,FALSE,1,0,20,13,1,19,blueBalloon.png,80,Aimee,f,12,004,2021-05-19_14h10.21.093,bart,3.1.3,60,,
15,0.325,0.75,FALSE,1,0,20,11,1,19,blueBalloon.png,68,Aimee,f,12,004,2021-05-19_14h10.21.093,bart,3.1.3,60,,
20,0.4,1,FALSE,1,0,20,17,1,19,blueBalloon.png,104,Aimee,f,12,004,2021-05-19_14h10.21.093,bart,3.1.3,60,,
9,0.22,0,TRUE,1,0,20,1,1,19,blueBalloon.png,8,Aimee,f,12,004,2021-05-19_14h10.21.093,bart,3.1.3,60,,
19,0.385,0.95,FALSE,1,0,20,6,1,19,blueBalloon.png,38,Aimee,f,12,004,2021-05-19_14h10.21.093,bart,3.1.3,60,,
21,0.415,1.05,FALSE,1,0,20,4,1,19,blueBalloon.png,26,Aimee,f,12,004,2021-05-19_14h10.21.093,bart,3.1.3,60,,
33,0.595,1.65,FALSE,1,0,20,19,1,19,blueBalloon.png,116,Aimee,f,12,004,2021-05-19_14h10.21.093,bart,3.1.3,60,,
34,0.61,1.7,FALSE,1,0,20,18,1,19,blueBalloon.png,110,Aimee,f,12,004,2021-05-19_14h10.21.093,bart,3.1.3,60,,
46,0.79,2.3,FALSE,1,0,20,16,1,19,blueBalloon.png,98,Aimee,f,12,004,2021-05-19_14h10.21.093,bart,3.1.3,60,,
51,0.85,0,TRUE,1,0,20,8,1,19,blueBalloon.png,50,Aimee,f,12,004,2021-05-19_14h10.21.093,bart,3.1.3,60,,
39,0.685,1.95,FALSE,1,0,20,12,1,19,blueBalloon.png,74,Aimee,f,12,004,2021-05-19_14h10.21.093,bart,3.1.3,60,,
21,0.4,0,TRUE,1,0,20,3,1,19,blueBalloon.png,20,Aimee,f,12,004,2021-05-19_14h10.21.093,bart,3.1.3,60,,
1,0.115,0.05,FALSE,1,0,20,14,1,19,blueBalloon.png,86,Aimee,f,12,004,2021-05-19_14h10.21.093,bart,3.1.3,60,,
,,,,,,,,,,,,Aimee,f,12,004,2021-05-19_14h10.21.093,bart,3.1.3,60,space,0.309999943
