nPumps,size,earnings,popped,trials.thisRepN,trials.thisTrialN,trials.thisN,trials.thisIndex,trials.ran,trials.order,imageFile,maxPumps,participant,gender (m/f),age,session,date,expName,psychopyVersion,frameRate,doneKey.keys,doneKey.rt
33,0.58,0,TRUE,1,0,20,5,1,19,blueBalloon.png,32,Aleena,f,16,ErinsMSc,2021-05-11_13h54.08.393,bart,3.1.3,60,,
25,0.475,1.25,FALSE,1,0,20,9,1,19,blueBalloon.png,56,Aleena,f,16,ErinsMSc,2021-05-11_13h54.08.393,bart,3.1.3,60,,
0,0.1,0,FALSE,1,0,20,2,1,19,blueBalloon.png,14,Aleena,f,16,ErinsMSc,2021-05-11_13h54.08.393,bart,3.1.3,60,,
3,0.13,0,TRUE,1,0,20,0,1,19,blueBalloon.png,2,Aleena,f,16,ErinsMSc,2021-05-11_13h54.08.393,bart,3.1.3,60,,
22,0.43,1.1,FALSE,1,0,20,15,1,19,blueBalloon.png,92,Aleena,f,16,ErinsMSc,2021-05-11_13h54.08.393,bart,3.1.3,60,,
21,0.415,1.05,FALSE,1,0,20,10,1,19,blueBalloon.png,62,Aleena,f,16,ErinsMSc,2021-05-11_13h54.08.393,bart,3.1.3,60,,
22,0.43,1.1,FALSE,1,0,20,7,1,19,blueBalloon.png,44,Aleena,f,16,ErinsMSc,2021-05-11_13h54.08.393,bart,3.1.3,60,,
23,0.445,1.15,FALSE,1,0,20,13,1,19,blueBalloon.png,80,Aleena,f,16,ErinsMSc,2021-05-11_13h54.08.393,bart,3.1.3,60,,
23,0.445,1.15,FALSE,1,0,20,11,1,19,blueBalloon.png,68,Aleena,f,16,ErinsMSc,2021-05-11_13h54.08.393,bart,3.1.3,60,,
24,0.46,1.2,FALSE,1,0,20,17,1,19,blueBalloon.png,104,Aleena,f,16,ErinsMSc,2021-05-11_13h54.08.393,bart,3.1.3,60,,
9,0.22,0,TRUE,1,0,20,1,1,19,blueBalloon.png,8,Aleena,f,16,ErinsMSc,2021-05-11_13h54.08.393,bart,3.1.3,60,,
24,0.46,1.2,FALSE,1,0,20,6,1,19,blueBalloon.png,38,Aleena,f,16,ErinsMSc,2021-05-11_13h54.08.393,bart,3.1.3,60,,
24,0.46,1.2,FALSE,1,0,20,4,1,19,blueBalloon.png,26,Aleena,f,16,ErinsMSc,2021-05-11_13h54.08.393,bart,3.1.3,60,,
24,0.46,1.2,FALSE,1,0,20,19,1,19,blueBalloon.png,116,Aleena,f,16,ErinsMSc,2021-05-11_13h54.08.393,bart,3.1.3,60,,
26,0.49,1.3,FALSE,1,0,20,18,1,19,blueBalloon.png,110,Aleena,f,16,ErinsMSc,2021-05-11_13h54.08.393,bart,3.1.3,60,,
26,0.49,1.3,FALSE,1,0,20,16,1,19,blueBalloon.png,98,Aleena,f,16,ErinsMSc,2021-05-11_13h54.08.393,bart,3.1.3,60,,
26,0.49,1.3,FALSE,1,0,20,8,1,19,blueBalloon.png,50,Aleena,f,16,ErinsMSc,2021-05-11_13h54.08.393,bart,3.1.3,60,,
26,0.49,1.3,FALSE,1,0,20,12,1,19,blueBalloon.png,74,Aleena,f,16,ErinsMSc,2021-05-11_13h54.08.393,bart,3.1.3,60,,
21,0.4,0,TRUE,1,0,20,3,1,19,blueBalloon.png,20,Aleena,f,16,ErinsMSc,2021-05-11_13h54.08.393,bart,3.1.3,60,,
0,0.1,0,FALSE,1,0,20,14,1,19,blueBalloon.png,86,Aleena,f,16,ErinsMSc,2021-05-11_13h54.08.393,bart,3.1.3,60,,
,,,,,,,,,,,,Aleena,f,16,ErinsMSc,2021-05-11_13h54.08.393,bart,3.1.3,60,return,27.796
