nPumps,size,earnings,popped,trials.thisRepN,trials.thisTrialN,trials.thisN,trials.thisIndex,trials.ran,trials.order,imageFile,maxPumps,participant,gender (m/f),age,session,date,expName,psychopyVersion,frameRate
33,0.58,0,TRUE,1,0,20,5,1,19,blueBalloon.png,32,Aline ,,,004,2021-03-02_19h26.41.311,bart,3.1.3,60
13,0.295,0.65,FALSE,1,0,20,9,1,19,blueBalloon.png,56,Aline ,,,004,2021-03-02_19h26.41.311,bart,3.1.3,60
15,0.31,0,TRUE,1,0,20,2,1,19,blueBalloon.png,14,Aline ,,,004,2021-03-02_19h26.41.311,bart,3.1.3,60
3,0.13,0,TRUE,1,0,20,0,1,19,blueBalloon.png,2,Aline ,,,004,2021-03-02_19h26.41.311,bart,3.1.3,60
11,0.265,0.55,FALSE,1,0,20,15,1,19,blueBalloon.png,92,Aline ,,,004,2021-03-02_19h26.41.311,bart,3.1.3,60
16,0.34,0.8,FALSE,1,0,20,10,1,19,blueBalloon.png,62,Aline ,,,004,2021-03-02_19h26.41.311,bart,3.1.3,60
20,0.4,1,FALSE,1,0,20,7,1,19,blueBalloon.png,44,Aline ,,,004,2021-03-02_19h26.41.311,bart,3.1.3,60
20,0.4,1,FALSE,1,0,20,13,1,19,blueBalloon.png,80,Aline ,,,004,2021-03-02_19h26.41.311,bart,3.1.3,60
26,0.49,1.3,FALSE,1,0,20,11,1,19,blueBalloon.png,68,Aline ,,,004,2021-03-02_19h26.41.311,bart,3.1.3,60
26,0.49,1.3,FALSE,1,0,20,17,1,19,blueBalloon.png,104,Aline ,,,004,2021-03-02_19h26.41.311,bart,3.1.3,60
9,0.22,0,TRUE,1,0,20,1,1,19,blueBalloon.png,8,Aline ,,,004,2021-03-02_19h26.41.311,bart,3.1.3,60
22,0.43,1.1,FALSE,1,0,20,6,1,19,blueBalloon.png,38,Aline ,,,004,2021-03-02_19h26.41.311,bart,3.1.3,60
21,0.415,1.05,FALSE,1,0,20,4,1,19,blueBalloon.png,26,Aline ,,,004,2021-03-02_19h26.41.311,bart,3.1.3,60
22,0.43,1.1,FALSE,1,0,20,19,1,19,blueBalloon.png,116,Aline ,,,004,2021-03-02_19h26.41.311,bart,3.1.3,60
40,0.7,2,FALSE,1,0,20,18,1,19,blueBalloon.png,110,Aline ,,,004,2021-03-02_19h26.41.311,bart,3.1.3,60
50,0.85,2.5,FALSE,1,0,20,16,1,19,blueBalloon.png,98,Aline ,,,004,2021-03-02_19h26.41.311,bart,3.1.3,60
51,0.85,0,TRUE,1,0,20,8,1,19,blueBalloon.png,50,Aline ,,,004,2021-03-02_19h26.41.311,bart,3.1.3,60
49,0.835,2.45,FALSE,1,0,20,12,1,19,blueBalloon.png,74,Aline ,,,004,2021-03-02_19h26.41.311,bart,3.1.3,60
