nPumps,size,earnings,popped,trials.thisRepN,trials.thisTrialN,trials.thisN,trials.thisIndex,trials.ran,trials.order,imageFile,maxPumps,participant,gender (m/f),age,session,date,expName,psychopyVersion,frameRate,doneKey.keys,doneKey.rt
22,0.43,1.1,FALSE,1,0,20,5,1,19,blueBalloon.png,32,Amann,m,17,004,2021-05-21_13h55.14.898,bart,3.1.3,60,,
0,0.1,0,FALSE,1,0,20,9,1,19,blueBalloon.png,56,Amann,m,17,004,2021-05-21_13h55.14.898,bart,3.1.3,60,,
15,0.31,0,TRUE,1,0,20,2,1,19,blueBalloon.png,14,Amann,m,17,004,2021-05-21_13h55.14.898,bart,3.1.3,60,,
3,0.13,0,TRUE,1,0,20,0,1,19,blueBalloon.png,2,Amann,m,17,004,2021-05-21_13h55.14.898,bart,3.1.3,60,,
21,0.415,1.05,FALSE,1,0,20,15,1,19,blueBalloon.png,92,Amann,m,17,004,2021-05-21_13h55.14.898,bart,3.1.3,60,,
20,0.4,1,FALSE,1,0,20,10,1,19,blueBalloon.png,62,Amann,m,17,004,2021-05-21_13h55.14.898,bart,3.1.3,60,,
20,0.4,1,FALSE,1,0,20,7,1,19,blueBalloon.png,44,Amann,m,17,004,2021-05-21_13h55.14.898,bart,3.1.3,60,,
30,0.55,1.5,FALSE,1,0,20,13,1,19,blueBalloon.png,80,Amann,m,17,004,2021-05-21_13h55.14.898,bart,3.1.3,60,,
40,0.7,2,FALSE,1,0,20,11,1,19,blueBalloon.png,68,Amann,m,17,004,2021-05-21_13h55.14.898,bart,3.1.3,60,,
40,0.7,2,FALSE,1,0,20,17,1,19,blueBalloon.png,104,Amann,m,17,004,2021-05-21_13h55.14.898,bart,3.1.3,60,,
9,0.22,0,TRUE,1,0,20,1,1,19,blueBalloon.png,8,Amann,m,17,004,2021-05-21_13h55.14.898,bart,3.1.3,60,,
21,0.415,1.05,FALSE,1,0,20,6,1,19,blueBalloon.png,38,Amann,m,17,004,2021-05-21_13h55.14.898,bart,3.1.3,60,,
27,0.49,0,TRUE,1,0,20,4,1,19,blueBalloon.png,26,Amann,m,17,004,2021-05-21_13h55.14.898,bart,3.1.3,60,,
20,0.4,1,FALSE,1,0,20,19,1,19,blueBalloon.png,116,Amann,m,17,004,2021-05-21_13h55.14.898,bart,3.1.3,60,,
20,0.4,1,FALSE,1,0,20,18,1,19,blueBalloon.png,110,Amann,m,17,004,2021-05-21_13h55.14.898,bart,3.1.3,60,,
32,0.58,1.6,FALSE,1,0,20,16,1,19,blueBalloon.png,98,Amann,m,17,004,2021-05-21_13h55.14.898,bart,3.1.3,60,,
40,0.7,2,FALSE,1,0,20,8,1,19,blueBalloon.png,50,Amann,m,17,004,2021-05-21_13h55.14.898,bart,3.1.3,60,,
20,0.4,1,FALSE,1,0,20,12,1,19,blueBalloon.png,74,Amann,m,17,004,2021-05-21_13h55.14.898,bart,3.1.3,60,,
21,0.4,0,TRUE,1,0,20,3,1,19,blueBalloon.png,20,Amann,m,17,004,2021-05-21_13h55.14.898,bart,3.1.3,60,,
20,0.4,1,FALSE,1,0,20,14,1,19,blueBalloon.png,86,Amann,m,17,004,2021-05-21_13h55.14.898,bart,3.1.3,60,,
,,,,,,,,,,,,Amann,m,17,004,2021-05-21_13h55.14.898,bart,3.1.3,60,return,13.09299994
