nPumps,size,earnings,popped,trials.thisRepN,trials.thisTrialN,trials.thisN,trials.thisIndex,trials.ran,trials.order,imageFile,maxPumps,participant,gender (m/f),age,session,date,expName,psychopyVersion,frameRate,doneKey.keys,doneKey.rt
8,0.22,0.4,FALSE,1,0,20,5,1,19,blueBalloon.png,32,Amy,f,17,004,2021-05-25_11h30.46.791,bart,3.1.3,60,,
12,0.28,0.6,FALSE,1,0,20,9,1,19,blueBalloon.png,56,Amy,f,17,004,2021-05-25_11h30.46.791,bart,3.1.3,60,,
14,0.31,0.7,FALSE,1,0,20,2,1,19,blueBalloon.png,14,Amy,f,17,004,2021-05-25_11h30.46.791,bart,3.1.3,60,,
3,0.13,0,TRUE,1,0,20,0,1,19,blueBalloon.png,2,Amy,f,17,004,2021-05-25_11h30.46.791,bart,3.1.3,60,,
12,0.28,0.6,FALSE,1,0,20,15,1,19,blueBalloon.png,92,Amy,f,17,004,2021-05-25_11h30.46.791,bart,3.1.3,60,,
14,0.31,0.7,FALSE,1,0,20,10,1,19,blueBalloon.png,62,Amy,f,17,004,2021-05-25_11h30.46.791,bart,3.1.3,60,,
16,0.34,0.8,FALSE,1,0,20,7,1,19,blueBalloon.png,44,Amy,f,17,004,2021-05-25_11h30.46.791,bart,3.1.3,60,,
16,0.34,0.8,FALSE,1,0,20,13,1,19,blueBalloon.png,80,Amy,f,17,004,2021-05-25_11h30.46.791,bart,3.1.3,60,,
20,0.4,1,FALSE,1,0,20,11,1,19,blueBalloon.png,68,Amy,f,17,004,2021-05-25_11h30.46.791,bart,3.1.3,60,,
18,0.37,0.9,FALSE,1,0,20,17,1,19,blueBalloon.png,104,Amy,f,17,004,2021-05-25_11h30.46.791,bart,3.1.3,60,,
9,0.22,0,TRUE,1,0,20,1,1,19,blueBalloon.png,8,Amy,f,17,004,2021-05-25_11h30.46.791,bart,3.1.3,60,,
20,0.4,1,FALSE,1,0,20,6,1,19,blueBalloon.png,38,Amy,f,17,004,2021-05-25_11h30.46.791,bart,3.1.3,60,,
20,0.4,1,FALSE,1,0,20,4,1,19,blueBalloon.png,26,Amy,f,17,004,2021-05-25_11h30.46.791,bart,3.1.3,60,,
20,0.4,1,FALSE,1,0,20,19,1,19,blueBalloon.png,116,Amy,f,17,004,2021-05-25_11h30.46.791,bart,3.1.3,60,,
20,0.4,1,FALSE,1,0,20,18,1,19,blueBalloon.png,110,Amy,f,17,004,2021-05-25_11h30.46.791,bart,3.1.3,60,,
22,0.43,1.1,FALSE,1,0,20,16,1,19,blueBalloon.png,98,Amy,f,17,004,2021-05-25_11h30.46.791,bart,3.1.3,60,,
24,0.46,1.2,FALSE,1,0,20,8,1,19,blueBalloon.png,50,Amy,f,17,004,2021-05-25_11h30.46.791,bart,3.1.3,60,,
20,0.4,1,FALSE,1,0,20,12,1,19,blueBalloon.png,74,Amy,f,17,004,2021-05-25_11h30.46.791,bart,3.1.3,60,,
21,0.4,0,TRUE,1,0,20,3,1,19,blueBalloon.png,20,Amy,f,17,004,2021-05-25_11h30.46.791,bart,3.1.3,60,,
20,0.4,1,FALSE,1,0,20,14,1,19,blueBalloon.png,86,Amy,f,17,004,2021-05-25_11h30.46.791,bart,3.1.3,60,,
,,,,,,,,,,,,Amy,f,17,004,2021-05-25_11h30.46.791,bart,3.1.3,60,return,26.74599981
