nPumps,size,earnings,popped,trials.thisRepN,trials.thisTrialN,trials.thisN,trials.thisIndex,trials.ran,trials.order,imageFile,maxPumps,participant,gender (m/f),age,session,date,expName,psychopyVersion,frameRate,doneKey.keys,doneKey.rt
18,0.37,0.9,FALSE,1,0,20,5,1,19,blueBalloon.png,32,Andrew,M,13,ErinsMSc,2021-05-12_14h52.39.048,bart,3.1.3,60,,
20,0.4,1,FALSE,1,0,20,9,1,19,blueBalloon.png,56,Andrew,M,13,ErinsMSc,2021-05-12_14h52.39.048,bart,3.1.3,60,,
15,0.31,0,TRUE,1,0,20,2,1,19,blueBalloon.png,14,Andrew,M,13,ErinsMSc,2021-05-12_14h52.39.048,bart,3.1.3,60,,
3,0.13,0,TRUE,1,0,20,0,1,19,blueBalloon.png,2,Andrew,M,13,ErinsMSc,2021-05-12_14h52.39.048,bart,3.1.3,60,,
4,0.16,0.2,FALSE,1,0,20,15,1,19,blueBalloon.png,92,Andrew,M,13,ErinsMSc,2021-05-12_14h52.39.048,bart,3.1.3,60,,
10,0.25,0.5,FALSE,1,0,20,10,1,19,blueBalloon.png,62,Andrew,M,13,ErinsMSc,2021-05-12_14h52.39.048,bart,3.1.3,60,,
9,0.235,0.45,FALSE,1,0,20,7,1,19,blueBalloon.png,44,Andrew,M,13,ErinsMSc,2021-05-12_14h52.39.048,bart,3.1.3,60,,
25,0.475,1.25,FALSE,1,0,20,13,1,19,blueBalloon.png,80,Andrew,M,13,ErinsMSc,2021-05-12_14h52.39.048,bart,3.1.3,60,,
30,0.55,1.5,FALSE,1,0,20,11,1,19,blueBalloon.png,68,Andrew,M,13,ErinsMSc,2021-05-12_14h52.39.048,bart,3.1.3,60,,
14,0.31,0.7,FALSE,1,0,20,17,1,19,blueBalloon.png,104,Andrew,M,13,ErinsMSc,2021-05-12_14h52.39.048,bart,3.1.3,60,,
9,0.22,0,TRUE,1,0,20,1,1,19,blueBalloon.png,8,Andrew,M,13,ErinsMSc,2021-05-12_14h52.39.048,bart,3.1.3,60,,
7,0.205,0.35,FALSE,1,0,20,6,1,19,blueBalloon.png,38,Andrew,M,13,ErinsMSc,2021-05-12_14h52.39.048,bart,3.1.3,60,,
12,0.28,0.6,FALSE,1,0,20,4,1,19,blueBalloon.png,26,Andrew,M,13,ErinsMSc,2021-05-12_14h52.39.048,bart,3.1.3,60,,
10,0.25,0.5,FALSE,1,0,20,19,1,19,blueBalloon.png,116,Andrew,M,13,ErinsMSc,2021-05-12_14h52.39.048,bart,3.1.3,60,,
20,0.4,1,FALSE,1,0,20,18,1,19,blueBalloon.png,110,Andrew,M,13,ErinsMSc,2021-05-12_14h52.39.048,bart,3.1.3,60,,
40,0.7,2,FALSE,1,0,20,16,1,19,blueBalloon.png,98,Andrew,M,13,ErinsMSc,2021-05-12_14h52.39.048,bart,3.1.3,60,,
45,0.775,2.25,FALSE,1,0,20,8,1,19,blueBalloon.png,50,Andrew,M,13,ErinsMSc,2021-05-12_14h52.39.048,bart,3.1.3,60,,
60,1,3,FALSE,1,0,20,12,1,19,blueBalloon.png,74,Andrew,M,13,ErinsMSc,2021-05-12_14h52.39.048,bart,3.1.3,60,,
21,0.4,0,TRUE,1,0,20,3,1,19,blueBalloon.png,20,Andrew,M,13,ErinsMSc,2021-05-12_14h52.39.048,bart,3.1.3,60,,
20,0.4,1,FALSE,1,0,20,14,1,19,blueBalloon.png,86,Andrew,M,13,ErinsMSc,2021-05-12_14h52.39.048,bart,3.1.3,60,,
,,,,,,,,,,,,Andrew,M,13,ErinsMSc,2021-05-12_14h52.39.048,bart,3.1.3,60,space,0.332000017
