nPumps,size,earnings,popped,trials.thisRepN,trials.thisTrialN,trials.thisN,trials.thisIndex,trials.ran,trials.order,imageFile,maxPumps,participant,gender (m/f),age,session,date,expName,psychopyVersion,frameRate,doneKey.keys,doneKey.rt
20,0.4,1,FALSE,1,0,20,5,1,19,blueBalloon.png,32,Andrew,m,17,ErinMscAndrew120521,2021-05-12_10h34.01.010,bart,3.1.3,60,,
20,0.4,1,FALSE,1,0,20,9,1,19,blueBalloon.png,56,Andrew,m,17,ErinMscAndrew120521,2021-05-12_10h34.01.010,bart,3.1.3,60,,
15,0.31,0,TRUE,1,0,20,2,1,19,blueBalloon.png,14,Andrew,m,17,ErinMscAndrew120521,2021-05-12_10h34.01.010,bart,3.1.3,60,,
3,0.13,0,TRUE,1,0,20,0,1,19,blueBalloon.png,2,Andrew,m,17,ErinMscAndrew120521,2021-05-12_10h34.01.010,bart,3.1.3,60,,
20,0.4,1,FALSE,1,0,20,15,1,19,blueBalloon.png,92,Andrew,m,17,ErinMscAndrew120521,2021-05-12_10h34.01.010,bart,3.1.3,60,,
20,0.4,1,FALSE,1,0,20,10,1,19,blueBalloon.png,62,Andrew,m,17,ErinMscAndrew120521,2021-05-12_10h34.01.010,bart,3.1.3,60,,
9,0.235,0.45,FALSE,1,0,20,7,1,19,blueBalloon.png,44,Andrew,m,17,ErinMscAndrew120521,2021-05-12_10h34.01.010,bart,3.1.3,60,,
20,0.4,1,FALSE,1,0,20,13,1,19,blueBalloon.png,80,Andrew,m,17,ErinMscAndrew120521,2021-05-12_10h34.01.010,bart,3.1.3,60,,
21,0.415,1.05,FALSE,1,0,20,11,1,19,blueBalloon.png,68,Andrew,m,17,ErinMscAndrew120521,2021-05-12_10h34.01.010,bart,3.1.3,60,,
22,0.43,1.1,FALSE,1,0,20,17,1,19,blueBalloon.png,104,Andrew,m,17,ErinMscAndrew120521,2021-05-12_10h34.01.010,bart,3.1.3,60,,
9,0.22,0,TRUE,1,0,20,1,1,19,blueBalloon.png,8,Andrew,m,17,ErinMscAndrew120521,2021-05-12_10h34.01.010,bart,3.1.3,60,,
20,0.4,1,FALSE,1,0,20,6,1,19,blueBalloon.png,38,Andrew,m,17,ErinMscAndrew120521,2021-05-12_10h34.01.010,bart,3.1.3,60,,
20,0.4,1,FALSE,1,0,20,4,1,19,blueBalloon.png,26,Andrew,m,17,ErinMscAndrew120521,2021-05-12_10h34.01.010,bart,3.1.3,60,,
20,0.4,1,FALSE,1,0,20,19,1,19,blueBalloon.png,116,Andrew,m,17,ErinMscAndrew120521,2021-05-12_10h34.01.010,bart,3.1.3,60,,
20,0.4,1,FALSE,1,0,20,18,1,19,blueBalloon.png,110,Andrew,m,17,ErinMscAndrew120521,2021-05-12_10h34.01.010,bart,3.1.3,60,,
20,0.4,1,FALSE,1,0,20,16,1,19,blueBalloon.png,98,Andrew,m,17,ErinMscAndrew120521,2021-05-12_10h34.01.010,bart,3.1.3,60,,
20,0.4,1,FALSE,1,0,20,8,1,19,blueBalloon.png,50,Andrew,m,17,ErinMscAndrew120521,2021-05-12_10h34.01.010,bart,3.1.3,60,,
20,0.4,1,FALSE,1,0,20,12,1,19,blueBalloon.png,74,Andrew,m,17,ErinMscAndrew120521,2021-05-12_10h34.01.010,bart,3.1.3,60,,
20,0.4,1,FALSE,1,0,20,3,1,19,blueBalloon.png,20,Andrew,m,17,ErinMscAndrew120521,2021-05-12_10h34.01.010,bart,3.1.3,60,,
20,0.4,1,FALSE,1,0,20,14,1,19,blueBalloon.png,86,Andrew,m,17,ErinMscAndrew120521,2021-05-12_10h34.01.010,bart,3.1.3,60,,
,,,,,,,,,,,,Andrew,m,17,ErinMscAndrew120521,2021-05-12_10h34.01.010,bart,3.1.3,60,space,0.312000036
