nPumps,size,earnings,popped,trials.thisRepN,trials.thisTrialN,trials.thisN,trials.thisIndex,trials.ran,trials.order,imageFile,maxPumps,participant,gender (m/f),age,session,date,expName,psychopyVersion,frameRate,doneKey.keys,doneKey.rt
27,0.505,1.35,FALSE,1,0,20,5,1,19,blueBalloon.png,32,Arryn,m,14,004,2021-05-12_14h58.52.800,bart,3.1.3,60,,
29,0.535,1.45,FALSE,1,0,20,9,1,19,blueBalloon.png,56,Arryn,m,14,004,2021-05-12_14h58.52.800,bart,3.1.3,60,,
15,0.31,0,TRUE,1,0,20,2,1,19,blueBalloon.png,14,Arryn,m,14,004,2021-05-12_14h58.52.800,bart,3.1.3,60,,
3,0.13,0,TRUE,1,0,20,0,1,19,blueBalloon.png,2,Arryn,m,14,004,2021-05-12_14h58.52.800,bart,3.1.3,60,,
20,0.4,1,FALSE,1,0,20,15,1,19,blueBalloon.png,92,Arryn,m,14,004,2021-05-12_14h58.52.800,bart,3.1.3,60,,
20,0.4,1,FALSE,1,0,20,10,1,19,blueBalloon.png,62,Arryn,m,14,004,2021-05-12_14h58.52.800,bart,3.1.3,60,,
20,0.4,1,FALSE,1,0,20,7,1,19,blueBalloon.png,44,Arryn,m,14,004,2021-05-12_14h58.52.800,bart,3.1.3,60,,
20,0.4,1,FALSE,1,0,20,13,1,19,blueBalloon.png,80,Arryn,m,14,004,2021-05-12_14h58.52.800,bart,3.1.3,60,,
20,0.4,1,FALSE,1,0,20,11,1,19,blueBalloon.png,68,Arryn,m,14,004,2021-05-12_14h58.52.800,bart,3.1.3,60,,
20,0.4,1,FALSE,1,0,20,17,1,19,blueBalloon.png,104,Arryn,m,14,004,2021-05-12_14h58.52.800,bart,3.1.3,60,,
9,0.22,0,TRUE,1,0,20,1,1,19,blueBalloon.png,8,Arryn,m,14,004,2021-05-12_14h58.52.800,bart,3.1.3,60,,
20,0.4,1,FALSE,1,0,20,6,1,19,blueBalloon.png,38,Arryn,m,14,004,2021-05-12_14h58.52.800,bart,3.1.3,60,,
20,0.4,1,FALSE,1,0,20,4,1,19,blueBalloon.png,26,Arryn,m,14,004,2021-05-12_14h58.52.800,bart,3.1.3,60,,
28,0.52,1.4,FALSE,1,0,20,19,1,19,blueBalloon.png,116,Arryn,m,14,004,2021-05-12_14h58.52.800,bart,3.1.3,60,,
32,0.58,1.6,FALSE,1,0,20,18,1,19,blueBalloon.png,110,Arryn,m,14,004,2021-05-12_14h58.52.800,bart,3.1.3,60,,
42,0.73,2.1,FALSE,1,0,20,16,1,19,blueBalloon.png,98,Arryn,m,14,004,2021-05-12_14h58.52.800,bart,3.1.3,60,,
51,0.85,0,TRUE,1,0,20,8,1,19,blueBalloon.png,50,Arryn,m,14,004,2021-05-12_14h58.52.800,bart,3.1.3,60,,
36,0.64,1.8,FALSE,1,0,20,12,1,19,blueBalloon.png,74,Arryn,m,14,004,2021-05-12_14h58.52.800,bart,3.1.3,60,,
21,0.4,0,TRUE,1,0,20,3,1,19,blueBalloon.png,20,Arryn,m,14,004,2021-05-12_14h58.52.800,bart,3.1.3,60,,
21,0.415,1.05,FALSE,1,0,20,14,1,19,blueBalloon.png,86,Arryn,m,14,004,2021-05-12_14h58.52.800,bart,3.1.3,60,,
,,,,,,,,,,,,Arryn,m,14,004,2021-05-12_14h58.52.800,bart,3.1.3,60,return,14.91200018
