nPumps,size,earnings,popped,trials.thisRepN,trials.thisTrialN,trials.thisN,trials.thisIndex,trials.ran,trials.order,imageFile,maxPumps,participant,gender (m/f),age,session,date,expName,psychopyVersion,frameRate,doneKey.keys,doneKey.rt
33,0.58,0,TRUE,1,0,20,5,1,19,blueBalloon.png,32,Ashley,f,14,004,2021-05-27_14h12.29.268,bart,3.1.3,60,,
44,0.76,2.2,FALSE,1,0,20,9,1,19,blueBalloon.png,56,Ashley,f,14,004,2021-05-27_14h12.29.268,bart,3.1.3,60,,
15,0.31,0,TRUE,1,0,20,2,1,19,blueBalloon.png,14,Ashley,f,14,004,2021-05-27_14h12.29.268,bart,3.1.3,60,,
3,0.13,0,TRUE,1,0,20,0,1,19,blueBalloon.png,2,Ashley,f,14,004,2021-05-27_14h12.29.268,bart,3.1.3,60,,
47,0.805,2.35,FALSE,1,0,20,15,1,19,blueBalloon.png,92,Ashley,f,14,004,2021-05-27_14h12.29.268,bart,3.1.3,60,,
52,0.88,2.6,FALSE,1,0,20,10,1,19,blueBalloon.png,62,Ashley,f,14,004,2021-05-27_14h12.29.268,bart,3.1.3,60,,
45,0.76,0,TRUE,1,0,20,7,1,19,blueBalloon.png,44,Ashley,f,14,004,2021-05-27_14h12.29.268,bart,3.1.3,60,,
50,0.85,2.5,FALSE,1,0,20,13,1,19,blueBalloon.png,80,Ashley,f,14,004,2021-05-27_14h12.29.268,bart,3.1.3,60,,
54,0.91,2.7,FALSE,1,0,20,11,1,19,blueBalloon.png,68,Ashley,f,14,004,2021-05-27_14h12.29.268,bart,3.1.3,60,,
56,0.94,2.8,FALSE,1,0,20,17,1,19,blueBalloon.png,104,Ashley,f,14,004,2021-05-27_14h12.29.268,bart,3.1.3,60,,
9,0.22,0,TRUE,1,0,20,1,1,19,blueBalloon.png,8,Ashley,f,14,004,2021-05-27_14h12.29.268,bart,3.1.3,60,,
39,0.67,0,TRUE,1,0,20,6,1,19,blueBalloon.png,38,Ashley,f,14,004,2021-05-27_14h12.29.268,bart,3.1.3,60,,
27,0.49,0,TRUE,1,0,20,4,1,19,blueBalloon.png,26,Ashley,f,14,004,2021-05-27_14h12.29.268,bart,3.1.3,60,,
48,0.82,2.4,FALSE,1,0,20,19,1,19,blueBalloon.png,116,Ashley,f,14,004,2021-05-27_14h12.29.268,bart,3.1.3,60,,
41,0.715,2.05,FALSE,1,0,20,18,1,19,blueBalloon.png,110,Ashley,f,14,004,2021-05-27_14h12.29.268,bart,3.1.3,60,,
50,0.85,2.5,FALSE,1,0,20,16,1,19,blueBalloon.png,98,Ashley,f,14,004,2021-05-27_14h12.29.268,bart,3.1.3,60,,
48,0.82,2.4,FALSE,1,0,20,8,1,19,blueBalloon.png,50,Ashley,f,14,004,2021-05-27_14h12.29.268,bart,3.1.3,60,,
61,1.015,3.05,FALSE,1,0,20,12,1,19,blueBalloon.png,74,Ashley,f,14,004,2021-05-27_14h12.29.268,bart,3.1.3,60,,
21,0.4,0,TRUE,1,0,20,3,1,19,blueBalloon.png,20,Ashley,f,14,004,2021-05-27_14h12.29.268,bart,3.1.3,60,,
60,1,3,FALSE,1,0,20,14,1,19,blueBalloon.png,86,Ashley,f,14,004,2021-05-27_14h12.29.268,bart,3.1.3,60,,
,,,,,,,,,,,,Ashley,f,14,004,2021-05-27_14h12.29.268,bart,3.1.3,60,space,0.095999956
