nPumps,size,earnings,popped,trials.thisRepN,trials.thisTrialN,trials.thisN,trials.thisIndex,trials.ran,trials.order,imageFile,maxPumps,participant,gender (m/f),age,session,date,expName,psychopyVersion,frameRate
33,0.58,0,TRUE,1,0,20,5,1,19,blueBalloon.png,32,Ashley,f,14,004,2021-05-27_14h09.20.230,bart,3.1.3,60
34,0.61,1.7,FALSE,1,0,20,9,1,19,blueBalloon.png,56,Ashley,f,14,004,2021-05-27_14h09.20.230,bart,3.1.3,60
15,0.31,0,TRUE,1,0,20,2,1,19,blueBalloon.png,14,Ashley,f,14,004,2021-05-27_14h09.20.230,bart,3.1.3,60
3,0.13,0,TRUE,1,0,20,0,1,19,blueBalloon.png,2,Ashley,f,14,004,2021-05-27_14h09.20.230,bart,3.1.3,60
32,0.58,1.6,FALSE,1,0,20,15,1,19,blueBalloon.png,92,Ashley,f,14,004,2021-05-27_14h09.20.230,bart,3.1.3,60
40,0.7,2,FALSE,1,0,20,10,1,19,blueBalloon.png,62,Ashley,f,14,004,2021-05-27_14h09.20.230,bart,3.1.3,60
38,0.67,1.9,FALSE,1,0,20,7,1,19,blueBalloon.png,44,Ashley,f,14,004,2021-05-27_14h09.20.230,bart,3.1.3,60
53,0.895,2.65,FALSE,1,0,20,13,1,19,blueBalloon.png,80,Ashley,f,14,004,2021-05-27_14h09.20.230,bart,3.1.3,60
