nPumps,size,earnings,popped,trials.thisRepN,trials.thisTrialN,trials.thisN,trials.thisIndex,trials.ran,trials.order,imageFile,maxPumps,participant,gender (m/f),age,session,date,expName,psychopyVersion,frameRate,doneKey.keys,doneKey.rt
8,0.22,0.4,FALSE,1,0,20,5,1,19,blueBalloon.png,32,Ava,f,12,004,2021-05-19_14h46.28.862,bart,3.1.3,60,,
41,0.715,2.05,FALSE,1,0,20,9,1,19,blueBalloon.png,56,Ava,f,12,004,2021-05-19_14h46.28.862,bart,3.1.3,60,,
15,0.31,0,TRUE,1,0,20,2,1,19,blueBalloon.png,14,Ava,f,12,004,2021-05-19_14h46.28.862,bart,3.1.3,60,,
3,0.13,0,TRUE,1,0,20,0,1,19,blueBalloon.png,2,Ava,f,12,004,2021-05-19_14h46.28.862,bart,3.1.3,60,,
36,0.64,1.8,FALSE,1,0,20,15,1,19,blueBalloon.png,92,Ava,f,12,004,2021-05-19_14h46.28.862,bart,3.1.3,60,,
63,1.03,0,TRUE,1,0,20,10,1,19,blueBalloon.png,62,Ava,f,12,004,2021-05-19_14h46.28.862,bart,3.1.3,60,,
39,0.685,1.95,FALSE,1,0,20,7,1,19,blueBalloon.png,44,Ava,f,12,004,2021-05-19_14h46.28.862,bart,3.1.3,60,,
33,0.595,1.65,FALSE,1,0,20,13,1,19,blueBalloon.png,80,Ava,f,12,004,2021-05-19_14h46.28.862,bart,3.1.3,60,,
25,0.475,1.25,FALSE,1,0,20,11,1,19,blueBalloon.png,68,Ava,f,12,004,2021-05-19_14h46.28.862,bart,3.1.3,60,,
32,0.58,1.6,FALSE,1,0,20,17,1,19,blueBalloon.png,104,Ava,f,12,004,2021-05-19_14h46.28.862,bart,3.1.3,60,,
9,0.22,0,TRUE,1,0,20,1,1,19,blueBalloon.png,8,Ava,f,12,004,2021-05-19_14h46.28.862,bart,3.1.3,60,,
3,0.145,0.15,FALSE,1,0,20,6,1,19,blueBalloon.png,38,Ava,f,12,004,2021-05-19_14h46.28.862,bart,3.1.3,60,,
27,0.49,0,TRUE,1,0,20,4,1,19,blueBalloon.png,26,Ava,f,12,004,2021-05-19_14h46.28.862,bart,3.1.3,60,,
15,0.325,0.75,FALSE,1,0,20,19,1,19,blueBalloon.png,116,Ava,f,12,004,2021-05-19_14h46.28.862,bart,3.1.3,60,,
16,0.34,0.8,FALSE,1,0,20,18,1,19,blueBalloon.png,110,Ava,f,12,004,2021-05-19_14h46.28.862,bart,3.1.3,60,,
20,0.4,1,FALSE,1,0,20,16,1,19,blueBalloon.png,98,Ava,f,12,004,2021-05-19_14h46.28.862,bart,3.1.3,60,,
37,0.655,1.85,FALSE,1,0,20,8,1,19,blueBalloon.png,50,Ava,f,12,004,2021-05-19_14h46.28.862,bart,3.1.3,60,,
51,0.865,2.55,FALSE,1,0,20,12,1,19,blueBalloon.png,74,Ava,f,12,004,2021-05-19_14h46.28.862,bart,3.1.3,60,,
21,0.4,0,TRUE,1,0,20,3,1,19,blueBalloon.png,20,Ava,f,12,004,2021-05-19_14h46.28.862,bart,3.1.3,60,,
14,0.31,0.7,FALSE,1,0,20,14,1,19,blueBalloon.png,86,Ava,f,12,004,2021-05-19_14h46.28.862,bart,3.1.3,60,,
,,,,,,,,,,,,Ava,f,12,004,2021-05-19_14h46.28.862,bart,3.1.3,60,space,0.373999834
