nPumps,size,earnings,popped,trials.thisRepN,trials.thisTrialN,trials.thisN,trials.thisIndex,trials.ran,trials.order,imageFile,maxPumps,participant,gender (m/f),age,session,date,expName,psychopyVersion,frameRate,doneKey.keys,doneKey.rt
0,0.1,0,FALSE,1,0,20,5,1,19,blueBalloon.png,32,Ben,m,16,004,2021-05-26_10h29.09.319,bart,3.1.3,60,,
7,0.205,0.35,FALSE,1,0,20,9,1,19,blueBalloon.png,56,Ben,m,16,004,2021-05-26_10h29.09.319,bart,3.1.3,60,,
13,0.295,0.65,FALSE,1,0,20,2,1,19,blueBalloon.png,14,Ben,m,16,004,2021-05-26_10h29.09.319,bart,3.1.3,60,,
3,0.13,0,TRUE,1,0,20,0,1,19,blueBalloon.png,2,Ben,m,16,004,2021-05-26_10h29.09.319,bart,3.1.3,60,,
14,0.31,0.7,FALSE,1,0,20,15,1,19,blueBalloon.png,92,Ben,m,16,004,2021-05-26_10h29.09.319,bart,3.1.3,60,,
24,0.46,1.2,FALSE,1,0,20,10,1,19,blueBalloon.png,62,Ben,m,16,004,2021-05-26_10h29.09.319,bart,3.1.3,60,,
34,0.61,1.7,FALSE,1,0,20,7,1,19,blueBalloon.png,44,Ben,m,16,004,2021-05-26_10h29.09.319,bart,3.1.3,60,,
72,1.18,3.6,FALSE,1,0,20,13,1,19,blueBalloon.png,80,Ben,m,16,004,2021-05-26_10h29.09.319,bart,3.1.3,60,,
69,1.12,0,TRUE,1,0,20,11,1,19,blueBalloon.png,68,Ben,m,16,004,2021-05-26_10h29.09.319,bart,3.1.3,60,,
74,1.21,3.7,FALSE,1,0,20,17,1,19,blueBalloon.png,104,Ben,m,16,004,2021-05-26_10h29.09.319,bart,3.1.3,60,,
9,0.22,0,TRUE,1,0,20,1,1,19,blueBalloon.png,8,Ben,m,16,004,2021-05-26_10h29.09.319,bart,3.1.3,60,,
39,0.67,0,TRUE,1,0,20,6,1,19,blueBalloon.png,38,Ben,m,16,004,2021-05-26_10h29.09.319,bart,3.1.3,60,,
27,0.49,0,TRUE,1,0,20,4,1,19,blueBalloon.png,26,Ben,m,16,004,2021-05-26_10h29.09.319,bart,3.1.3,60,,
5,0.175,0.25,FALSE,1,0,20,19,1,19,blueBalloon.png,116,Ben,m,16,004,2021-05-26_10h29.09.319,bart,3.1.3,60,,
40,0.7,2,FALSE,1,0,20,18,1,19,blueBalloon.png,110,Ben,m,16,004,2021-05-26_10h29.09.319,bart,3.1.3,60,,
50,0.85,2.5,FALSE,1,0,20,16,1,19,blueBalloon.png,98,Ben,m,16,004,2021-05-26_10h29.09.319,bart,3.1.3,60,,
51,0.85,0,TRUE,1,0,20,8,1,19,blueBalloon.png,50,Ben,m,16,004,2021-05-26_10h29.09.319,bart,3.1.3,60,,
32,0.58,1.6,FALSE,1,0,20,12,1,19,blueBalloon.png,74,Ben,m,16,004,2021-05-26_10h29.09.319,bart,3.1.3,60,,
21,0.4,0,TRUE,1,0,20,3,1,19,blueBalloon.png,20,Ben,m,16,004,2021-05-26_10h29.09.319,bart,3.1.3,60,,
31,0.565,1.55,FALSE,1,0,20,14,1,19,blueBalloon.png,86,Ben,m,16,004,2021-05-26_10h29.09.319,bart,3.1.3,60,,
,,,,,,,,,,,,Ben,m,16,004,2021-05-26_10h29.09.319,bart,3.1.3,60,space,0.315999985
