nPumps,size,earnings,popped,trials.thisRepN,trials.thisTrialN,trials.thisN,trials.thisIndex,trials.ran,trials.order,imageFile,maxPumps,participant,gender (m/f),age,session,date,expName,psychopyVersion,frameRate,doneKey.keys,doneKey.rt
20,0.4,1,FALSE,1,0,20,5,1,19,blueBalloon.png,32,Bradley,M,16,004,2021-05-24_12h20.50.219,bart,3.1.3,60,,
30,0.55,1.5,FALSE,1,0,20,9,1,19,blueBalloon.png,56,Bradley,M,16,004,2021-05-24_12h20.50.219,bart,3.1.3,60,,
15,0.31,0,TRUE,1,0,20,2,1,19,blueBalloon.png,14,Bradley,M,16,004,2021-05-24_12h20.50.219,bart,3.1.3,60,,
3,0.13,0,TRUE,1,0,20,0,1,19,blueBalloon.png,2,Bradley,M,16,004,2021-05-24_12h20.50.219,bart,3.1.3,60,,
14,0.31,0.7,FALSE,1,0,20,15,1,19,blueBalloon.png,92,Bradley,M,16,004,2021-05-24_12h20.50.219,bart,3.1.3,60,,
12,0.28,0.6,FALSE,1,0,20,10,1,19,blueBalloon.png,62,Bradley,M,16,004,2021-05-24_12h20.50.219,bart,3.1.3,60,,
18,0.37,0.9,FALSE,1,0,20,7,1,19,blueBalloon.png,44,Bradley,M,16,004,2021-05-24_12h20.50.219,bart,3.1.3,60,,
14,0.31,0.7,FALSE,1,0,20,13,1,19,blueBalloon.png,80,Bradley,M,16,004,2021-05-24_12h20.50.219,bart,3.1.3,60,,
20,0.4,1,FALSE,1,0,20,11,1,19,blueBalloon.png,68,Bradley,M,16,004,2021-05-24_12h20.50.219,bart,3.1.3,60,,
20,0.4,1,FALSE,1,0,20,17,1,19,blueBalloon.png,104,Bradley,M,16,004,2021-05-24_12h20.50.219,bart,3.1.3,60,,
9,0.22,0,TRUE,1,0,20,1,1,19,blueBalloon.png,8,Bradley,M,16,004,2021-05-24_12h20.50.219,bart,3.1.3,60,,
39,0.67,0,TRUE,1,0,20,6,1,19,blueBalloon.png,38,Bradley,M,16,004,2021-05-24_12h20.50.219,bart,3.1.3,60,,
27,0.49,0,TRUE,1,0,20,4,1,19,blueBalloon.png,26,Bradley,M,16,004,2021-05-24_12h20.50.219,bart,3.1.3,60,,
22,0.43,1.1,FALSE,1,0,20,19,1,19,blueBalloon.png,116,Bradley,M,16,004,2021-05-24_12h20.50.219,bart,3.1.3,60,,
45,0.775,2.25,FALSE,1,0,20,18,1,19,blueBalloon.png,110,Bradley,M,16,004,2021-05-24_12h20.50.219,bart,3.1.3,60,,
49,0.835,2.45,FALSE,1,0,20,16,1,19,blueBalloon.png,98,Bradley,M,16,004,2021-05-24_12h20.50.219,bart,3.1.3,60,,
37,0.655,1.85,FALSE,1,0,20,8,1,19,blueBalloon.png,50,Bradley,M,16,004,2021-05-24_12h20.50.219,bart,3.1.3,60,,
49,0.835,2.45,FALSE,1,0,20,12,1,19,blueBalloon.png,74,Bradley,M,16,004,2021-05-24_12h20.50.219,bart,3.1.3,60,,
21,0.4,0,TRUE,1,0,20,3,1,19,blueBalloon.png,20,Bradley,M,16,004,2021-05-24_12h20.50.219,bart,3.1.3,60,,
50,0.85,2.5,FALSE,1,0,20,14,1,19,blueBalloon.png,86,Bradley,M,16,004,2021-05-24_12h20.50.219,bart,3.1.3,60,,
,,,,,,,,,,,,Bradley,M,16,004,2021-05-24_12h20.50.219,bart,3.1.3,60,space,0.332999945
