nPumps,size,earnings,popped,trials.thisRepN,trials.thisTrialN,trials.thisN,trials.thisIndex,trials.ran,trials.order,imageFile,maxPumps,participant,gender (m/f),age,session,date,expName,psychopyVersion,frameRate,doneKey.keys,doneKey.rt
27,0.505,1.35,FALSE,1,0,20,5,1,19,blueBalloon.png,32,Braydon,m,15,004,2021-05-25_15h41.38.426,bart,3.1.3,60,,
57,0.94,0,TRUE,1,0,20,9,1,19,blueBalloon.png,56,Braydon,m,15,004,2021-05-25_15h41.38.426,bart,3.1.3,60,,
15,0.31,0,TRUE,1,0,20,2,1,19,blueBalloon.png,14,Braydon,m,15,004,2021-05-25_15h41.38.426,bart,3.1.3,60,,
3,0.13,0,TRUE,1,0,20,0,1,19,blueBalloon.png,2,Braydon,m,15,004,2021-05-25_15h41.38.426,bart,3.1.3,60,,
33,0.595,1.65,FALSE,1,0,20,15,1,19,blueBalloon.png,92,Braydon,m,15,004,2021-05-25_15h41.38.426,bart,3.1.3,60,,
40,0.7,2,FALSE,1,0,20,10,1,19,blueBalloon.png,62,Braydon,m,15,004,2021-05-25_15h41.38.426,bart,3.1.3,60,,
42,0.73,2.1,FALSE,1,0,20,7,1,19,blueBalloon.png,44,Braydon,m,15,004,2021-05-25_15h41.38.426,bart,3.1.3,60,,
49,0.835,2.45,FALSE,1,0,20,13,1,19,blueBalloon.png,80,Braydon,m,15,004,2021-05-25_15h41.38.426,bart,3.1.3,60,,
48,0.82,2.4,FALSE,1,0,20,11,1,19,blueBalloon.png,68,Braydon,m,15,004,2021-05-25_15h41.38.426,bart,3.1.3,60,,
57,0.955,2.85,FALSE,1,0,20,17,1,19,blueBalloon.png,104,Braydon,m,15,004,2021-05-25_15h41.38.426,bart,3.1.3,60,,
9,0.22,0,TRUE,1,0,20,1,1,19,blueBalloon.png,8,Braydon,m,15,004,2021-05-25_15h41.38.426,bart,3.1.3,60,,
39,0.67,0,TRUE,1,0,20,6,1,19,blueBalloon.png,38,Braydon,m,15,004,2021-05-25_15h41.38.426,bart,3.1.3,60,,
27,0.49,0,TRUE,1,0,20,4,1,19,blueBalloon.png,26,Braydon,m,15,004,2021-05-25_15h41.38.426,bart,3.1.3,60,,
43,0.745,2.15,FALSE,1,0,20,19,1,19,blueBalloon.png,116,Braydon,m,15,004,2021-05-25_15h41.38.426,bart,3.1.3,60,,
44,0.76,2.2,FALSE,1,0,20,18,1,19,blueBalloon.png,110,Braydon,m,15,004,2021-05-25_15h41.38.426,bart,3.1.3,60,,
46,0.79,2.3,FALSE,1,0,20,16,1,19,blueBalloon.png,98,Braydon,m,15,004,2021-05-25_15h41.38.426,bart,3.1.3,60,,
46,0.79,2.3,FALSE,1,0,20,8,1,19,blueBalloon.png,50,Braydon,m,15,004,2021-05-25_15h41.38.426,bart,3.1.3,60,,
51,0.865,2.55,FALSE,1,0,20,12,1,19,blueBalloon.png,74,Braydon,m,15,004,2021-05-25_15h41.38.426,bart,3.1.3,60,,
21,0.4,0,TRUE,1,0,20,3,1,19,blueBalloon.png,20,Braydon,m,15,004,2021-05-25_15h41.38.426,bart,3.1.3,60,,
51,0.865,2.55,FALSE,1,0,20,14,1,19,blueBalloon.png,86,Braydon,m,15,004,2021-05-25_15h41.38.426,bart,3.1.3,60,,
,,,,,,,,,,,,Braydon,m,15,004,2021-05-25_15h41.38.426,bart,3.1.3,60,space,0.303999901
