nPumps,size,earnings,popped,trials.thisRepN,trials.thisTrialN,trials.thisN,trials.thisIndex,trials.ran,trials.order,imageFile,maxPumps,participant,gender (m/f),age,session,date,expName,psychopyVersion,frameRate,doneKey.keys,doneKey.rt
0,0.1,0,FALSE,1,0,20,5,1,19,blueBalloon.png,32,Cameron G,m,12,004,2021-05-14_12h22.06.905,bart,3.1.3,60,,
57,0.94,0,TRUE,1,0,20,9,1,19,blueBalloon.png,56,Cameron G,m,12,004,2021-05-14_12h22.06.905,bart,3.1.3,60,,
15,0.31,0,TRUE,1,0,20,2,1,19,blueBalloon.png,14,Cameron G,m,12,004,2021-05-14_12h22.06.905,bart,3.1.3,60,,
3,0.13,0,TRUE,1,0,20,0,1,19,blueBalloon.png,2,Cameron G,m,12,004,2021-05-14_12h22.06.905,bart,3.1.3,60,,
60,1,3,FALSE,1,0,20,15,1,19,blueBalloon.png,92,Cameron G,m,12,004,2021-05-14_12h22.06.905,bart,3.1.3,60,,
63,1.03,0,TRUE,1,0,20,10,1,19,blueBalloon.png,62,Cameron G,m,12,004,2021-05-14_12h22.06.905,bart,3.1.3,60,,
45,0.76,0,TRUE,1,0,20,7,1,19,blueBalloon.png,44,Cameron G,m,12,004,2021-05-14_12h22.06.905,bart,3.1.3,60,,
26,0.49,1.3,FALSE,1,0,20,13,1,19,blueBalloon.png,80,Cameron G,m,12,004,2021-05-14_12h22.06.905,bart,3.1.3,60,,
40,0.7,2,FALSE,1,0,20,11,1,19,blueBalloon.png,68,Cameron G,m,12,004,2021-05-14_12h22.06.905,bart,3.1.3,60,,
50,0.85,2.5,FALSE,1,0,20,17,1,19,blueBalloon.png,104,Cameron G,m,12,004,2021-05-14_12h22.06.905,bart,3.1.3,60,,
9,0.22,0,TRUE,1,0,20,1,1,19,blueBalloon.png,8,Cameron G,m,12,004,2021-05-14_12h22.06.905,bart,3.1.3,60,,
39,0.67,0,TRUE,1,0,20,6,1,19,blueBalloon.png,38,Cameron G,m,12,004,2021-05-14_12h22.06.905,bart,3.1.3,60,,
27,0.49,0,TRUE,1,0,20,4,1,19,blueBalloon.png,26,Cameron G,m,12,004,2021-05-14_12h22.06.905,bart,3.1.3,60,,
40,0.7,2,FALSE,1,0,20,19,1,19,blueBalloon.png,116,Cameron G,m,12,004,2021-05-14_12h22.06.905,bart,3.1.3,60,,
41,0.715,2.05,FALSE,1,0,20,18,1,19,blueBalloon.png,110,Cameron G,m,12,004,2021-05-14_12h22.06.905,bart,3.1.3,60,,
76,1.24,3.8,FALSE,1,0,20,16,1,19,blueBalloon.png,98,Cameron G,m,12,004,2021-05-14_12h22.06.905,bart,3.1.3,60,,
51,0.85,0,TRUE,1,0,20,8,1,19,blueBalloon.png,50,Cameron G,m,12,004,2021-05-14_12h22.06.905,bart,3.1.3,60,,
75,1.21,0,TRUE,1,0,20,12,1,19,blueBalloon.png,74,Cameron G,m,12,004,2021-05-14_12h22.06.905,bart,3.1.3,60,,
21,0.4,0,TRUE,1,0,20,3,1,19,blueBalloon.png,20,Cameron G,m,12,004,2021-05-14_12h22.06.905,bart,3.1.3,60,,
70,1.15,3.5,FALSE,1,0,20,14,1,19,blueBalloon.png,86,Cameron G,m,12,004,2021-05-14_12h22.06.905,bart,3.1.3,60,,
,,,,,,,,,,,,Cameron G,m,12,004,2021-05-14_12h22.06.905,bart,3.1.3,60,space,11.3499999
