nPumps,size,earnings,popped,trials.thisRepN,trials.thisTrialN,trials.thisN,trials.thisIndex,trials.ran,trials.order,imageFile,maxPumps,participant,gender (m/f),age,session,date,expName,psychopyVersion,frameRate,doneKey.keys,doneKey.rt
26,0.49,1.3,FALSE,1,0,20,5,1,19,blueBalloon.png,32,Chloe,f,16,004,2021-05-25_15h48.34.280,bart,3.1.3,60,,
29,0.535,1.45,FALSE,1,0,20,9,1,19,blueBalloon.png,56,Chloe,f,16,004,2021-05-25_15h48.34.280,bart,3.1.3,60,,
15,0.31,0,TRUE,1,0,20,2,1,19,blueBalloon.png,14,Chloe,f,16,004,2021-05-25_15h48.34.280,bart,3.1.3,60,,
3,0.13,0,TRUE,1,0,20,0,1,19,blueBalloon.png,2,Chloe,f,16,004,2021-05-25_15h48.34.280,bart,3.1.3,60,,
13,0.295,0.65,FALSE,1,0,20,15,1,19,blueBalloon.png,92,Chloe,f,16,004,2021-05-25_15h48.34.280,bart,3.1.3,60,,
13,0.295,0.65,FALSE,1,0,20,10,1,19,blueBalloon.png,62,Chloe,f,16,004,2021-05-25_15h48.34.280,bart,3.1.3,60,,
12,0.28,0.6,FALSE,1,0,20,7,1,19,blueBalloon.png,44,Chloe,f,16,004,2021-05-25_15h48.34.280,bart,3.1.3,60,,
16,0.34,0.8,FALSE,1,0,20,13,1,19,blueBalloon.png,80,Chloe,f,16,004,2021-05-25_15h48.34.280,bart,3.1.3,60,,
20,0.4,1,FALSE,1,0,20,11,1,19,blueBalloon.png,68,Chloe,f,16,004,2021-05-25_15h48.34.280,bart,3.1.3,60,,
29,0.535,1.45,FALSE,1,0,20,17,1,19,blueBalloon.png,104,Chloe,f,16,004,2021-05-25_15h48.34.280,bart,3.1.3,60,,
9,0.22,0,TRUE,1,0,20,1,1,19,blueBalloon.png,8,Chloe,f,16,004,2021-05-25_15h48.34.280,bart,3.1.3,60,,
28,0.52,1.4,FALSE,1,0,20,6,1,19,blueBalloon.png,38,Chloe,f,16,004,2021-05-25_15h48.34.280,bart,3.1.3,60,,
27,0.49,0,TRUE,1,0,20,4,1,19,blueBalloon.png,26,Chloe,f,16,004,2021-05-25_15h48.34.280,bart,3.1.3,60,,
26,0.49,1.3,FALSE,1,0,20,19,1,19,blueBalloon.png,116,Chloe,f,16,004,2021-05-25_15h48.34.280,bart,3.1.3,60,,
24,0.46,1.2,FALSE,1,0,20,18,1,19,blueBalloon.png,110,Chloe,f,16,004,2021-05-25_15h48.34.280,bart,3.1.3,60,,
24,0.46,1.2,FALSE,1,0,20,16,1,19,blueBalloon.png,98,Chloe,f,16,004,2021-05-25_15h48.34.280,bart,3.1.3,60,,
23,0.445,1.15,FALSE,1,0,20,8,1,19,blueBalloon.png,50,Chloe,f,16,004,2021-05-25_15h48.34.280,bart,3.1.3,60,,
20,0.4,1,FALSE,1,0,20,12,1,19,blueBalloon.png,74,Chloe,f,16,004,2021-05-25_15h48.34.280,bart,3.1.3,60,,
21,0.4,0,TRUE,1,0,20,3,1,19,blueBalloon.png,20,Chloe,f,16,004,2021-05-25_15h48.34.280,bart,3.1.3,60,,
23,0.445,1.15,FALSE,1,0,20,14,1,19,blueBalloon.png,86,Chloe,f,16,004,2021-05-25_15h48.34.280,bart,3.1.3,60,,
,,,,,,,,,,,,Chloe,f,16,004,2021-05-25_15h48.34.280,bart,3.1.3,60,space,0.312999964
