nPumps,size,earnings,popped,trials.thisRepN,trials.thisTrialN,trials.thisN,trials.thisIndex,trials.ran,trials.order,imageFile,maxPumps,participant,gender (m/f),age,session,date,expName,psychopyVersion,frameRate
33,0.58,0,TRUE,1,0,20,5,1,19,blueBalloon.png,32,Connor Hanlon,male,13,ErinsMsc connor 19 5 21,2021-05-19_14h50.02.334,bart,3.1.3,60
20,0.4,1,FALSE,1,0,20,9,1,19,blueBalloon.png,56,Connor Hanlon,male,13,ErinsMsc connor 19 5 21,2021-05-19_14h50.02.334,bart,3.1.3,60
15,0.31,0,TRUE,1,0,20,2,1,19,blueBalloon.png,14,Connor Hanlon,male,13,ErinsMsc connor 19 5 21,2021-05-19_14h50.02.334,bart,3.1.3,60
3,0.13,0,TRUE,1,0,20,0,1,19,blueBalloon.png,2,Connor Hanlon,male,13,ErinsMsc connor 19 5 21,2021-05-19_14h50.02.334,bart,3.1.3,60
20,0.4,1,FALSE,1,0,20,15,1,19,blueBalloon.png,92,Connor Hanlon,male,13,ErinsMsc connor 19 5 21,2021-05-19_14h50.02.334,bart,3.1.3,60
40,0.7,2,FALSE,1,0,20,10,1,19,blueBalloon.png,62,Connor Hanlon,male,13,ErinsMsc connor 19 5 21,2021-05-19_14h50.02.334,bart,3.1.3,60
45,0.76,0,TRUE,1,0,20,7,1,19,blueBalloon.png,44,Connor Hanlon,male,13,ErinsMsc connor 19 5 21,2021-05-19_14h50.02.334,bart,3.1.3,60
