nPumps,size,earnings,popped,trials.thisRepN,trials.thisTrialN,trials.thisN,trials.thisIndex,trials.ran,trials.order,imageFile,maxPumps,participant,gender (m/f),age,session,date,expName,psychopyVersion,frameRate,doneKey.keys,doneKey.rt
25,0.475,1.25,FALSE,1,0,20,5,1,19,blueBalloon.png,32,Deacon,m,12,004,2021-05-21_12h29.06.610,bart,3.1.3,60,,
40,0.7,2,FALSE,1,0,20,9,1,19,blueBalloon.png,56,Deacon,m,12,004,2021-05-21_12h29.06.610,bart,3.1.3,60,,
15,0.31,0,TRUE,1,0,20,2,1,19,blueBalloon.png,14,Deacon,m,12,004,2021-05-21_12h29.06.610,bart,3.1.3,60,,
3,0.13,0,TRUE,1,0,20,0,1,19,blueBalloon.png,2,Deacon,m,12,004,2021-05-21_12h29.06.610,bart,3.1.3,60,,
20,0.4,1,FALSE,1,0,20,15,1,19,blueBalloon.png,92,Deacon,m,12,004,2021-05-21_12h29.06.610,bart,3.1.3,60,,
1,0.115,0.05,FALSE,1,0,20,10,1,19,blueBalloon.png,62,Deacon,m,12,004,2021-05-21_12h29.06.610,bart,3.1.3,60,,
1,0.115,0.05,FALSE,1,0,20,7,1,19,blueBalloon.png,44,Deacon,m,12,004,2021-05-21_12h29.06.610,bart,3.1.3,60,,
81,1.3,0,TRUE,1,0,20,13,1,19,blueBalloon.png,80,Deacon,m,12,004,2021-05-21_12h29.06.610,bart,3.1.3,60,,
69,1.12,0,TRUE,1,0,20,11,1,19,blueBalloon.png,68,Deacon,m,12,004,2021-05-21_12h29.06.610,bart,3.1.3,60,,
22,0.43,1.1,FALSE,1,0,20,17,1,19,blueBalloon.png,104,Deacon,m,12,004,2021-05-21_12h29.06.610,bart,3.1.3,60,,
9,0.22,0,TRUE,1,0,20,1,1,19,blueBalloon.png,8,Deacon,m,12,004,2021-05-21_12h29.06.610,bart,3.1.3,60,,
14,0.31,0.7,FALSE,1,0,20,6,1,19,blueBalloon.png,38,Deacon,m,12,004,2021-05-21_12h29.06.610,bart,3.1.3,60,,
24,0.46,1.2,FALSE,1,0,20,4,1,19,blueBalloon.png,26,Deacon,m,12,004,2021-05-21_12h29.06.610,bart,3.1.3,60,,
40,0.7,2,FALSE,1,0,20,19,1,19,blueBalloon.png,116,Deacon,m,12,004,2021-05-21_12h29.06.610,bart,3.1.3,60,,
86,1.39,4.3,FALSE,1,0,20,18,1,19,blueBalloon.png,110,Deacon,m,12,004,2021-05-21_12h29.06.610,bart,3.1.3,60,,
47,0.805,2.35,FALSE,1,0,20,16,1,19,blueBalloon.png,98,Deacon,m,12,004,2021-05-21_12h29.06.610,bart,3.1.3,60,,
51,0.85,0,TRUE,1,0,20,8,1,19,blueBalloon.png,50,Deacon,m,12,004,2021-05-21_12h29.06.610,bart,3.1.3,60,,
56,0.94,2.8,FALSE,1,0,20,12,1,19,blueBalloon.png,74,Deacon,m,12,004,2021-05-21_12h29.06.610,bart,3.1.3,60,,
21,0.4,0,TRUE,1,0,20,3,1,19,blueBalloon.png,20,Deacon,m,12,004,2021-05-21_12h29.06.610,bart,3.1.3,60,,
26,0.49,1.3,FALSE,1,0,20,14,1,19,blueBalloon.png,86,Deacon,m,12,004,2021-05-21_12h29.06.610,bart,3.1.3,60,,
,,,,,,,,,,,,Deacon,m,12,004,2021-05-21_12h29.06.610,bart,3.1.3,60,space,0.063000202
