nPumps,size,earnings,popped,trials.thisRepN,trials.thisTrialN,trials.thisN,trials.thisIndex,trials.ran,trials.order,imageFile,maxPumps,participant,gender (m/f),age,session,date,expName,psychopyVersion,frameRate,doneKey.keys,doneKey.rt
0,0.1,0,FALSE,1,0,20,5,1,19,blueBalloon.png,32,EE,f,30,001,2021-05-06_17h10.26.852,bart,3.1.3,60,,
24,0.46,1.2,FALSE,1,0,20,9,1,19,blueBalloon.png,56,EE,f,30,001,2021-05-06_17h10.26.852,bart,3.1.3,60,,
15,0.31,0,TRUE,1,0,20,2,1,19,blueBalloon.png,14,EE,f,30,001,2021-05-06_17h10.26.852,bart,3.1.3,60,,
3,0.13,0,TRUE,1,0,20,0,1,19,blueBalloon.png,2,EE,f,30,001,2021-05-06_17h10.26.852,bart,3.1.3,60,,
16,0.34,0.8,FALSE,1,0,20,15,1,19,blueBalloon.png,92,EE,f,30,001,2021-05-06_17h10.26.852,bart,3.1.3,60,,
31,0.565,1.55,FALSE,1,0,20,10,1,19,blueBalloon.png,62,EE,f,30,001,2021-05-06_17h10.26.852,bart,3.1.3,60,,
31,0.565,1.55,FALSE,1,0,20,7,1,19,blueBalloon.png,44,EE,f,30,001,2021-05-06_17h10.26.852,bart,3.1.3,60,,
37,0.655,1.85,FALSE,1,0,20,13,1,19,blueBalloon.png,80,EE,f,30,001,2021-05-06_17h10.26.852,bart,3.1.3,60,,
51,0.865,2.55,FALSE,1,0,20,11,1,19,blueBalloon.png,68,EE,f,30,001,2021-05-06_17h10.26.852,bart,3.1.3,60,,
46,0.79,2.3,FALSE,1,0,20,17,1,19,blueBalloon.png,104,EE,f,30,001,2021-05-06_17h10.26.852,bart,3.1.3,60,,
9,0.22,0,TRUE,1,0,20,1,1,19,blueBalloon.png,8,EE,f,30,001,2021-05-06_17h10.26.852,bart,3.1.3,60,,
39,0.67,0,TRUE,1,0,20,6,1,19,blueBalloon.png,38,EE,f,30,001,2021-05-06_17h10.26.852,bart,3.1.3,60,,
20,0.4,1,FALSE,1,0,20,4,1,19,blueBalloon.png,26,EE,f,30,001,2021-05-06_17h10.26.852,bart,3.1.3,60,,
35,0.625,1.75,FALSE,1,0,20,19,1,19,blueBalloon.png,116,EE,f,30,001,2021-05-06_17h10.26.852,bart,3.1.3,60,,
36,0.64,1.8,FALSE,1,0,20,18,1,19,blueBalloon.png,110,EE,f,30,001,2021-05-06_17h10.26.852,bart,3.1.3,60,,
47,0.805,2.35,FALSE,1,0,20,16,1,19,blueBalloon.png,98,EE,f,30,001,2021-05-06_17h10.26.852,bart,3.1.3,60,,
49,0.835,2.45,FALSE,1,0,20,8,1,19,blueBalloon.png,50,EE,f,30,001,2021-05-06_17h10.26.852,bart,3.1.3,60,,
69,1.135,3.45,FALSE,1,0,20,12,1,19,blueBalloon.png,74,EE,f,30,001,2021-05-06_17h10.26.852,bart,3.1.3,60,,
21,0.4,0,TRUE,1,0,20,3,1,19,blueBalloon.png,20,EE,f,30,001,2021-05-06_17h10.26.852,bart,3.1.3,60,,
55,0.925,2.75,FALSE,1,0,20,14,1,19,blueBalloon.png,86,EE,f,30,001,2021-05-06_17h10.26.852,bart,3.1.3,60,,
,,,,,,,,,,,,EE,f,30,001,2021-05-06_17h10.26.852,bart,3.1.3,60,space,0.355000019
