nPumps,size,earnings,popped,trials.thisRepN,trials.thisTrialN,trials.thisN,trials.thisIndex,trials.ran,trials.order,imageFile,maxPumps,participant,gender (m/f),age,session,date,expName,psychopyVersion,frameRate,doneKey.keys,doneKey.rt
0,0.1,0,FALSE,1,0,20,5,1,19,blueBalloon.png,32,Eilidh,f,17,004,2021-05-21_10h11.33.118,bart,3.1.3,60,,
0,0.1,0,FALSE,1,0,20,9,1,19,blueBalloon.png,56,Eilidh,f,17,004,2021-05-21_10h11.33.118,bart,3.1.3,60,,
9,0.235,0.45,FALSE,1,0,20,2,1,19,blueBalloon.png,14,Eilidh,f,17,004,2021-05-21_10h11.33.118,bart,3.1.3,60,,
3,0.13,0,TRUE,1,0,20,0,1,19,blueBalloon.png,2,Eilidh,f,17,004,2021-05-21_10h11.33.118,bart,3.1.3,60,,
12,0.28,0.6,FALSE,1,0,20,15,1,19,blueBalloon.png,92,Eilidh,f,17,004,2021-05-21_10h11.33.118,bart,3.1.3,60,,
14,0.31,0.7,FALSE,1,0,20,10,1,19,blueBalloon.png,62,Eilidh,f,17,004,2021-05-21_10h11.33.118,bart,3.1.3,60,,
30,0.55,1.5,FALSE,1,0,20,7,1,19,blueBalloon.png,44,Eilidh,f,17,004,2021-05-21_10h11.33.118,bart,3.1.3,60,,
60,1,3,FALSE,1,0,20,13,1,19,blueBalloon.png,80,Eilidh,f,17,004,2021-05-21_10h11.33.118,bart,3.1.3,60,,
68,1.12,3.4,FALSE,1,0,20,11,1,19,blueBalloon.png,68,Eilidh,f,17,004,2021-05-21_10h11.33.118,bart,3.1.3,60,,
100,1.6,5,FALSE,1,0,20,17,1,19,blueBalloon.png,104,Eilidh,f,17,004,2021-05-21_10h11.33.118,bart,3.1.3,60,,
9,0.22,0,TRUE,1,0,20,1,1,19,blueBalloon.png,8,Eilidh,f,17,004,2021-05-21_10h11.33.118,bart,3.1.3,60,,
39,0.67,0,TRUE,1,0,20,6,1,19,blueBalloon.png,38,Eilidh,f,17,004,2021-05-21_10h11.33.118,bart,3.1.3,60,,
27,0.49,0,TRUE,1,0,20,4,1,19,blueBalloon.png,26,Eilidh,f,17,004,2021-05-21_10h11.33.118,bart,3.1.3,60,,
40,0.7,2,FALSE,1,0,20,19,1,19,blueBalloon.png,116,Eilidh,f,17,004,2021-05-21_10h11.33.118,bart,3.1.3,60,,
102,1.63,5.1,FALSE,1,0,20,18,1,19,blueBalloon.png,110,Eilidh,f,17,004,2021-05-21_10h11.33.118,bart,3.1.3,60,,
99,1.57,0,TRUE,1,0,20,16,1,19,blueBalloon.png,98,Eilidh,f,17,004,2021-05-21_10h11.33.118,bart,3.1.3,60,,
51,0.85,0,TRUE,1,0,20,8,1,19,blueBalloon.png,50,Eilidh,f,17,004,2021-05-21_10h11.33.118,bart,3.1.3,60,,
75,1.21,0,TRUE,1,0,20,12,1,19,blueBalloon.png,74,Eilidh,f,17,004,2021-05-21_10h11.33.118,bart,3.1.3,60,,
21,0.4,0,TRUE,1,0,20,3,1,19,blueBalloon.png,20,Eilidh,f,17,004,2021-05-21_10h11.33.118,bart,3.1.3,60,,
40,0.7,2,FALSE,1,0,20,14,1,19,blueBalloon.png,86,Eilidh,f,17,004,2021-05-21_10h11.33.118,bart,3.1.3,60,,
,,,,,,,,,,,,Eilidh,f,17,004,2021-05-21_10h11.33.118,bart,3.1.3,60,return,14.93899989
