nPumps,size,earnings,popped,trials.thisRepN,trials.thisTrialN,trials.thisN,trials.thisIndex,trials.ran,trials.order,imageFile,maxPumps,participant,gender (m/f),age,session,date,expName,psychopyVersion,frameRate,doneKey.keys,doneKey.rt
33,0.58,0,TRUE,1,0,20,5,1,19,blueBalloon.png,32,Ellie,f,16,004,2021-05-21_11h39.50.070,bart,3.1.3,60,,
52,0.88,2.6,FALSE,1,0,20,9,1,19,blueBalloon.png,56,Ellie,f,16,004,2021-05-21_11h39.50.070,bart,3.1.3,60,,
15,0.31,0,TRUE,1,0,20,2,1,19,blueBalloon.png,14,Ellie,f,16,004,2021-05-21_11h39.50.070,bart,3.1.3,60,,
3,0.13,0,TRUE,1,0,20,0,1,19,blueBalloon.png,2,Ellie,f,16,004,2021-05-21_11h39.50.070,bart,3.1.3,60,,
69,1.135,3.45,FALSE,1,0,20,15,1,19,blueBalloon.png,92,Ellie,f,16,004,2021-05-21_11h39.50.070,bart,3.1.3,60,,
63,1.03,0,TRUE,1,0,20,10,1,19,blueBalloon.png,62,Ellie,f,16,004,2021-05-21_11h39.50.070,bart,3.1.3,60,,
45,0.76,0,TRUE,1,0,20,7,1,19,blueBalloon.png,44,Ellie,f,16,004,2021-05-21_11h39.50.070,bart,3.1.3,60,,
80,1.3,4,FALSE,1,0,20,13,1,19,blueBalloon.png,80,Ellie,f,16,004,2021-05-21_11h39.50.070,bart,3.1.3,60,,
69,1.12,0,TRUE,1,0,20,11,1,19,blueBalloon.png,68,Ellie,f,16,004,2021-05-21_11h39.50.070,bart,3.1.3,60,,
79,1.285,3.95,FALSE,1,0,20,17,1,19,blueBalloon.png,104,Ellie,f,16,004,2021-05-21_11h39.50.070,bart,3.1.3,60,,
9,0.22,0,TRUE,1,0,20,1,1,19,blueBalloon.png,8,Ellie,f,16,004,2021-05-21_11h39.50.070,bart,3.1.3,60,,
31,0.565,1.55,FALSE,1,0,20,6,1,19,blueBalloon.png,38,Ellie,f,16,004,2021-05-21_11h39.50.070,bart,3.1.3,60,,
27,0.49,0,TRUE,1,0,20,4,1,19,blueBalloon.png,26,Ellie,f,16,004,2021-05-21_11h39.50.070,bart,3.1.3,60,,
55,0.925,2.75,FALSE,1,0,20,19,1,19,blueBalloon.png,116,Ellie,f,16,004,2021-05-21_11h39.50.070,bart,3.1.3,60,,
71,1.165,3.55,FALSE,1,0,20,18,1,19,blueBalloon.png,110,Ellie,f,16,004,2021-05-21_11h39.50.070,bart,3.1.3,60,,
93,1.495,4.65,FALSE,1,0,20,16,1,19,blueBalloon.png,98,Ellie,f,16,004,2021-05-21_11h39.50.070,bart,3.1.3,60,,
51,0.85,0,TRUE,1,0,20,8,1,19,blueBalloon.png,50,Ellie,f,16,004,2021-05-21_11h39.50.070,bart,3.1.3,60,,
75,1.21,0,TRUE,1,0,20,12,1,19,blueBalloon.png,74,Ellie,f,16,004,2021-05-21_11h39.50.070,bart,3.1.3,60,,
21,0.4,0,TRUE,1,0,20,3,1,19,blueBalloon.png,20,Ellie,f,16,004,2021-05-21_11h39.50.070,bart,3.1.3,60,,
87,1.39,0,TRUE,1,0,20,14,1,19,blueBalloon.png,86,Ellie,f,16,004,2021-05-21_11h39.50.070,bart,3.1.3,60,,
,,,,,,,,,,,,Ellie,f,16,004,2021-05-21_11h39.50.070,bart,3.1.3,60,space,0.823000193
