nPumps,size,earnings,popped,trials.thisRepN,trials.thisTrialN,trials.thisN,trials.thisIndex,trials.ran,trials.order,imageFile,maxPumps,participant,gender (m/f),age,session,date,expName,psychopyVersion,frameRate,doneKey.keys,doneKey.rt
0,0.1,0,FALSE,1,0,20,5,1,19,blueBalloon.png,32,Emily,f,16,004,2021-05-21_11h35.54.854,bart,3.1.3,60,,
1,0.115,0.05,FALSE,1,0,20,9,1,19,blueBalloon.png,56,Emily,f,16,004,2021-05-21_11h35.54.854,bart,3.1.3,60,,
11,0.265,0.55,FALSE,1,0,20,2,1,19,blueBalloon.png,14,Emily,f,16,004,2021-05-21_11h35.54.854,bart,3.1.3,60,,
3,0.13,0,TRUE,1,0,20,0,1,19,blueBalloon.png,2,Emily,f,16,004,2021-05-21_11h35.54.854,bart,3.1.3,60,,
8,0.22,0.4,FALSE,1,0,20,15,1,19,blueBalloon.png,92,Emily,f,16,004,2021-05-21_11h35.54.854,bart,3.1.3,60,,
12,0.28,0.6,FALSE,1,0,20,10,1,19,blueBalloon.png,62,Emily,f,16,004,2021-05-21_11h35.54.854,bart,3.1.3,60,,
40,0.7,2,FALSE,1,0,20,7,1,19,blueBalloon.png,44,Emily,f,16,004,2021-05-21_11h35.54.854,bart,3.1.3,60,,
62,1.03,3.1,FALSE,1,0,20,13,1,19,blueBalloon.png,80,Emily,f,16,004,2021-05-21_11h35.54.854,bart,3.1.3,60,,
69,1.12,0,TRUE,1,0,20,11,1,19,blueBalloon.png,68,Emily,f,16,004,2021-05-21_11h35.54.854,bart,3.1.3,60,,
90,1.45,4.5,FALSE,1,0,20,17,1,19,blueBalloon.png,104,Emily,f,16,004,2021-05-21_11h35.54.854,bart,3.1.3,60,,
9,0.22,0,TRUE,1,0,20,1,1,19,blueBalloon.png,8,Emily,f,16,004,2021-05-21_11h35.54.854,bart,3.1.3,60,,
39,0.67,0,TRUE,1,0,20,6,1,19,blueBalloon.png,38,Emily,f,16,004,2021-05-21_11h35.54.854,bart,3.1.3,60,,
27,0.49,0,TRUE,1,0,20,4,1,19,blueBalloon.png,26,Emily,f,16,004,2021-05-21_11h35.54.854,bart,3.1.3,60,,
110,1.75,5.5,FALSE,1,0,20,19,1,19,blueBalloon.png,116,Emily,f,16,004,2021-05-21_11h35.54.854,bart,3.1.3,60,,
111,1.75,0,TRUE,1,0,20,18,1,19,blueBalloon.png,110,Emily,f,16,004,2021-05-21_11h35.54.854,bart,3.1.3,60,,
99,1.57,0,TRUE,1,0,20,16,1,19,blueBalloon.png,98,Emily,f,16,004,2021-05-21_11h35.54.854,bart,3.1.3,60,,
51,0.85,0,TRUE,1,0,20,8,1,19,blueBalloon.png,50,Emily,f,16,004,2021-05-21_11h35.54.854,bart,3.1.3,60,,
43,0.745,2.15,FALSE,1,0,20,12,1,19,blueBalloon.png,74,Emily,f,16,004,2021-05-21_11h35.54.854,bart,3.1.3,60,,
21,0.4,0,TRUE,1,0,20,3,1,19,blueBalloon.png,20,Emily,f,16,004,2021-05-21_11h35.54.854,bart,3.1.3,60,,
28,0.52,1.4,FALSE,1,0,20,14,1,19,blueBalloon.png,86,Emily,f,16,004,2021-05-21_11h35.54.854,bart,3.1.3,60,,
,,,,,,,,,,,,Emily,f,16,004,2021-05-21_11h35.54.854,bart,3.1.3,60,space,0.328000069
