nPumps,size,earnings,popped,trials.thisRepN,trials.thisTrialN,trials.thisN,trials.thisIndex,trials.ran,trials.order,imageFile,maxPumps,participant,gender (m/f),age,session,date,expName,psychopyVersion,frameRate
8,0.22,0.4,FALSE,1,0,20,5,1,19,blueBalloon.png,32,Erin,f,15,Erin's msc Jen test round 11/05/21,2021-05-11_10h36.33.690,bart,3.1.3,60
20,0.4,1,FALSE,1,0,20,9,1,19,blueBalloon.png,56,Erin,f,15,Erin's msc Jen test round 11/05/21,2021-05-11_10h36.33.690,bart,3.1.3,60
15,0.31,0,TRUE,1,0,20,2,1,19,blueBalloon.png,14,Erin,f,15,Erin's msc Jen test round 11/05/21,2021-05-11_10h36.33.690,bart,3.1.3,60
3,0.13,0,TRUE,1,0,20,0,1,19,blueBalloon.png,2,Erin,f,15,Erin's msc Jen test round 11/05/21,2021-05-11_10h36.33.690,bart,3.1.3,60
30,0.55,1.5,FALSE,1,0,20,15,1,19,blueBalloon.png,92,Erin,f,15,Erin's msc Jen test round 11/05/21,2021-05-11_10h36.33.690,bart,3.1.3,60
63,1.03,0,TRUE,1,0,20,10,1,19,blueBalloon.png,62,Erin,f,15,Erin's msc Jen test round 11/05/21,2021-05-11_10h36.33.690,bart,3.1.3,60
45,0.76,0,TRUE,1,0,20,7,1,19,blueBalloon.png,44,Erin,f,15,Erin's msc Jen test round 11/05/21,2021-05-11_10h36.33.690,bart,3.1.3,60
51,0.865,2.55,FALSE,1,0,20,13,1,19,blueBalloon.png,80,Erin,f,15,Erin's msc Jen test round 11/05/21,2021-05-11_10h36.33.690,bart,3.1.3,60
60,1,3,FALSE,1,0,20,11,1,19,blueBalloon.png,68,Erin,f,15,Erin's msc Jen test round 11/05/21,2021-05-11_10h36.33.690,bart,3.1.3,60
70,1.15,3.5,FALSE,1,0,20,17,1,19,blueBalloon.png,104,Erin,f,15,Erin's msc Jen test round 11/05/21,2021-05-11_10h36.33.690,bart,3.1.3,60
9,0.22,0,TRUE,1,0,20,1,1,19,blueBalloon.png,8,Erin,f,15,Erin's msc Jen test round 11/05/21,2021-05-11_10h36.33.690,bart,3.1.3,60
39,0.67,0,TRUE,1,0,20,6,1,19,blueBalloon.png,38,Erin,f,15,Erin's msc Jen test round 11/05/21,2021-05-11_10h36.33.690,bart,3.1.3,60
27,0.49,0,TRUE,1,0,20,4,1,19,blueBalloon.png,26,Erin,f,15,Erin's msc Jen test round 11/05/21,2021-05-11_10h36.33.690,bart,3.1.3,60
71,1.165,3.55,FALSE,1,0,20,19,1,19,blueBalloon.png,116,Erin,f,15,Erin's msc Jen test round 11/05/21,2021-05-11_10h36.33.690,bart,3.1.3,60
111,1.75,0,TRUE,1,0,20,18,1,19,blueBalloon.png,110,Erin,f,15,Erin's msc Jen test round 11/05/21,2021-05-11_10h36.33.690,bart,3.1.3,60
90,1.45,4.5,FALSE,1,0,20,16,1,19,blueBalloon.png,98,Erin,f,15,Erin's msc Jen test round 11/05/21,2021-05-11_10h36.33.690,bart,3.1.3,60
51,0.85,0,TRUE,1,0,20,8,1,19,blueBalloon.png,50,Erin,f,15,Erin's msc Jen test round 11/05/21,2021-05-11_10h36.33.690,bart,3.1.3,60
75,1.21,0,TRUE,1,0,20,12,1,19,blueBalloon.png,74,Erin,f,15,Erin's msc Jen test round 11/05/21,2021-05-11_10h36.33.690,bart,3.1.3,60
21,0.4,0,TRUE,1,0,20,3,1,19,blueBalloon.png,20,Erin,f,15,Erin's msc Jen test round 11/05/21,2021-05-11_10h36.33.690,bart,3.1.3,60
80,1.3,4,FALSE,1,0,20,14,1,19,blueBalloon.png,86,Erin,f,15,Erin's msc Jen test round 11/05/21,2021-05-11_10h36.33.690,bart,3.1.3,60
