nPumps,size,earnings,popped,trials.thisRepN,trials.thisTrialN,trials.thisN,trials.thisIndex,trials.ran,trials.order,imageFile,maxPumps,participant,gender (m/f),age,session,date,expName,psychopyVersion,frameRate,doneKey.keys,doneKey.rt
0,0.1,0,FALSE,1,0,20,5,1,19,blueBalloon.png,32,Erin,F,41,ERINMSc1,2021-05-06_17h25.41.605,bart,3.1.3,60,,
30,0.55,1.5,FALSE,1,0,20,9,1,19,blueBalloon.png,56,Erin,F,41,ERINMSc1,2021-05-06_17h25.41.605,bart,3.1.3,60,,
15,0.31,0,TRUE,1,0,20,2,1,19,blueBalloon.png,14,Erin,F,41,ERINMSc1,2021-05-06_17h25.41.605,bart,3.1.3,60,,
3,0.13,0,TRUE,1,0,20,0,1,19,blueBalloon.png,2,Erin,F,41,ERINMSc1,2021-05-06_17h25.41.605,bart,3.1.3,60,,
18,0.37,0.9,FALSE,1,0,20,15,1,19,blueBalloon.png,92,Erin,F,41,ERINMSc1,2021-05-06_17h25.41.605,bart,3.1.3,60,,
17,0.355,0.85,FALSE,1,0,20,10,1,19,blueBalloon.png,62,Erin,F,41,ERINMSc1,2021-05-06_17h25.41.605,bart,3.1.3,60,,
18,0.37,0.9,FALSE,1,0,20,7,1,19,blueBalloon.png,44,Erin,F,41,ERINMSc1,2021-05-06_17h25.41.605,bart,3.1.3,60,,
21,0.415,1.05,FALSE,1,0,20,13,1,19,blueBalloon.png,80,Erin,F,41,ERINMSc1,2021-05-06_17h25.41.605,bart,3.1.3,60,,
15,0.325,0.75,FALSE,1,0,20,11,1,19,blueBalloon.png,68,Erin,F,41,ERINMSc1,2021-05-06_17h25.41.605,bart,3.1.3,60,,
39,0.685,1.95,FALSE,1,0,20,17,1,19,blueBalloon.png,104,Erin,F,41,ERINMSc1,2021-05-06_17h25.41.605,bart,3.1.3,60,,
9,0.22,0,TRUE,1,0,20,1,1,19,blueBalloon.png,8,Erin,F,41,ERINMSc1,2021-05-06_17h25.41.605,bart,3.1.3,60,,
26,0.49,1.3,FALSE,1,0,20,6,1,19,blueBalloon.png,38,Erin,F,41,ERINMSc1,2021-05-06_17h25.41.605,bart,3.1.3,60,,
27,0.49,0,TRUE,1,0,20,4,1,19,blueBalloon.png,26,Erin,F,41,ERINMSc1,2021-05-06_17h25.41.605,bart,3.1.3,60,,
27,0.505,1.35,FALSE,1,0,20,19,1,19,blueBalloon.png,116,Erin,F,41,ERINMSc1,2021-05-06_17h25.41.605,bart,3.1.3,60,,
29,0.535,1.45,FALSE,1,0,20,18,1,19,blueBalloon.png,110,Erin,F,41,ERINMSc1,2021-05-06_17h25.41.605,bart,3.1.3,60,,
25,0.475,1.25,FALSE,1,0,20,16,1,19,blueBalloon.png,98,Erin,F,41,ERINMSc1,2021-05-06_17h25.41.605,bart,3.1.3,60,,
20,0.4,1,FALSE,1,0,20,8,1,19,blueBalloon.png,50,Erin,F,41,ERINMSc1,2021-05-06_17h25.41.605,bart,3.1.3,60,,
52,0.88,2.6,FALSE,1,0,20,12,1,19,blueBalloon.png,74,Erin,F,41,ERINMSc1,2021-05-06_17h25.41.605,bart,3.1.3,60,,
21,0.4,0,TRUE,1,0,20,3,1,19,blueBalloon.png,20,Erin,F,41,ERINMSc1,2021-05-06_17h25.41.605,bart,3.1.3,60,,
38,0.67,1.9,FALSE,1,0,20,14,1,19,blueBalloon.png,86,Erin,F,41,ERINMSc1,2021-05-06_17h25.41.605,bart,3.1.3,60,,
,,,,,,,,,,,,Erin,F,41,ERINMSc1,2021-05-06_17h25.41.605,bart,3.1.3,60,return,13.07299995
