nPumps,size,earnings,popped,trials.thisRepN,trials.thisTrialN,trials.thisN,trials.thisIndex,trials.ran,trials.order,imageFile,maxPumps,participant,gender (m/f),age,session,date,expName,psychopyVersion,frameRate
20,0.4,1,FALSE,1,0,20,5,1,19,blueBalloon.png,32,ErinMscAndrew120521,m,17,ErinMscAndrew120521,2021-05-12_10h30.47.169,bart,3.1.3,60
14,0.31,0.7,FALSE,1,0,20,9,1,19,blueBalloon.png,56,ErinMscAndrew120521,m,17,ErinMscAndrew120521,2021-05-12_10h30.47.169,bart,3.1.3,60
15,0.31,0,TRUE,1,0,20,2,1,19,blueBalloon.png,14,ErinMscAndrew120521,m,17,ErinMscAndrew120521,2021-05-12_10h30.47.169,bart,3.1.3,60
3,0.13,0,TRUE,1,0,20,0,1,19,blueBalloon.png,2,ErinMscAndrew120521,m,17,ErinMscAndrew120521,2021-05-12_10h30.47.169,bart,3.1.3,60
14,0.31,0.7,FALSE,1,0,20,15,1,19,blueBalloon.png,92,ErinMscAndrew120521,m,17,ErinMscAndrew120521,2021-05-12_10h30.47.169,bart,3.1.3,60
14,0.31,0.7,FALSE,1,0,20,10,1,19,blueBalloon.png,62,ErinMscAndrew120521,m,17,ErinMscAndrew120521,2021-05-12_10h30.47.169,bart,3.1.3,60
20,0.4,1,FALSE,1,0,20,7,1,19,blueBalloon.png,44,ErinMscAndrew120521,m,17,ErinMscAndrew120521,2021-05-12_10h30.47.169,bart,3.1.3,60
22,0.43,1.1,FALSE,1,0,20,13,1,19,blueBalloon.png,80,ErinMscAndrew120521,m,17,ErinMscAndrew120521,2021-05-12_10h30.47.169,bart,3.1.3,60
22,0.43,1.1,FALSE,1,0,20,11,1,19,blueBalloon.png,68,ErinMscAndrew120521,m,17,ErinMscAndrew120521,2021-05-12_10h30.47.169,bart,3.1.3,60
21,0.415,1.05,FALSE,1,0,20,17,1,19,blueBalloon.png,104,ErinMscAndrew120521,m,17,ErinMscAndrew120521,2021-05-12_10h30.47.169,bart,3.1.3,60
9,0.22,0,TRUE,1,0,20,1,1,19,blueBalloon.png,8,ErinMscAndrew120521,m,17,ErinMscAndrew120521,2021-05-12_10h30.47.169,bart,3.1.3,60
21,0.415,1.05,FALSE,1,0,20,6,1,19,blueBalloon.png,38,ErinMscAndrew120521,m,17,ErinMscAndrew120521,2021-05-12_10h30.47.169,bart,3.1.3,60
