nPumps,size,earnings,popped,trials.thisRepN,trials.thisTrialN,trials.thisN,trials.thisIndex,trials.ran,trials.order,imageFile,maxPumps,participant,gender (m/f),age,session,date,expName,psychopyVersion,frameRate
0,0.1,0,FALSE,1,0,20,5,1,19,blueBalloon.png,32,Erin,f,16,004,2021-05-20_16h42.38.134,bart,3.1.3,60
57,0.94,0,TRUE,1,0,20,9,1,19,blueBalloon.png,56,Erin,f,16,004,2021-05-20_16h42.38.134,bart,3.1.3,60
10,0.25,0.5,FALSE,1,0,20,2,1,19,blueBalloon.png,14,Erin,f,16,004,2021-05-20_16h42.38.134,bart,3.1.3,60
3,0.13,0,TRUE,1,0,20,0,1,19,blueBalloon.png,2,Erin,f,16,004,2021-05-20_16h42.38.134,bart,3.1.3,60
26,0.49,1.3,FALSE,1,0,20,15,1,19,blueBalloon.png,92,Erin,f,16,004,2021-05-20_16h42.38.134,bart,3.1.3,60
