nPumps,size,earnings,popped,trials.thisRepN,trials.thisTrialN,trials.thisN,trials.thisIndex,trials.ran,trials.order,imageFile,maxPumps,participant,gender (m/f),age,session,date,expName,psychopyVersion,frameRate,doneKey.keys,doneKey.rt
33,0.58,0,TRUE,1,0,20,5,1,19,blueBalloon.png,32,Freya,F,14,004,2021-05-26_11h39.29.787,bart,3.1.3,60,,
57,0.94,0,TRUE,1,0,20,9,1,19,blueBalloon.png,56,Freya,F,14,004,2021-05-26_11h39.29.787,bart,3.1.3,60,,
15,0.31,0,TRUE,1,0,20,2,1,19,blueBalloon.png,14,Freya,F,14,004,2021-05-26_11h39.29.787,bart,3.1.3,60,,
3,0.13,0,TRUE,1,0,20,0,1,19,blueBalloon.png,2,Freya,F,14,004,2021-05-26_11h39.29.787,bart,3.1.3,60,,
58,0.97,2.9,FALSE,1,0,20,15,1,19,blueBalloon.png,92,Freya,F,14,004,2021-05-26_11h39.29.787,bart,3.1.3,60,,
51,0.865,2.55,FALSE,1,0,20,10,1,19,blueBalloon.png,62,Freya,F,14,004,2021-05-26_11h39.29.787,bart,3.1.3,60,,
45,0.76,0,TRUE,1,0,20,7,1,19,blueBalloon.png,44,Freya,F,14,004,2021-05-26_11h39.29.787,bart,3.1.3,60,,
49,0.835,2.45,FALSE,1,0,20,13,1,19,blueBalloon.png,80,Freya,F,14,004,2021-05-26_11h39.29.787,bart,3.1.3,60,,
46,0.79,2.3,FALSE,1,0,20,11,1,19,blueBalloon.png,68,Freya,F,14,004,2021-05-26_11h39.29.787,bart,3.1.3,60,,
49,0.835,2.45,FALSE,1,0,20,17,1,19,blueBalloon.png,104,Freya,F,14,004,2021-05-26_11h39.29.787,bart,3.1.3,60,,
9,0.22,0,TRUE,1,0,20,1,1,19,blueBalloon.png,8,Freya,F,14,004,2021-05-26_11h39.29.787,bart,3.1.3,60,,
39,0.67,0,TRUE,1,0,20,6,1,19,blueBalloon.png,38,Freya,F,14,004,2021-05-26_11h39.29.787,bart,3.1.3,60,,
27,0.49,0,TRUE,1,0,20,4,1,19,blueBalloon.png,26,Freya,F,14,004,2021-05-26_11h39.29.787,bart,3.1.3,60,,
49,0.835,2.45,FALSE,1,0,20,19,1,19,blueBalloon.png,116,Freya,F,14,004,2021-05-26_11h39.29.787,bart,3.1.3,60,,
46,0.79,2.3,FALSE,1,0,20,18,1,19,blueBalloon.png,110,Freya,F,14,004,2021-05-26_11h39.29.787,bart,3.1.3,60,,
57,0.955,2.85,FALSE,1,0,20,16,1,19,blueBalloon.png,98,Freya,F,14,004,2021-05-26_11h39.29.787,bart,3.1.3,60,,
42,0.73,2.1,FALSE,1,0,20,8,1,19,blueBalloon.png,50,Freya,F,14,004,2021-05-26_11h39.29.787,bart,3.1.3,60,,
41,0.715,2.05,FALSE,1,0,20,12,1,19,blueBalloon.png,74,Freya,F,14,004,2021-05-26_11h39.29.787,bart,3.1.3,60,,
21,0.4,0,TRUE,1,0,20,3,1,19,blueBalloon.png,20,Freya,F,14,004,2021-05-26_11h39.29.787,bart,3.1.3,60,,
41,0.715,2.05,FALSE,1,0,20,14,1,19,blueBalloon.png,86,Freya,F,14,004,2021-05-26_11h39.29.787,bart,3.1.3,60,,
,,,,,,,,,,,,Freya,F,14,004,2021-05-26_11h39.29.787,bart,3.1.3,60,space,0.161999941
