nPumps,size,earnings,popped,trials.thisRepN,trials.thisTrialN,trials.thisN,trials.thisIndex,trials.ran,trials.order,imageFile,maxPumps,participant,gender (m/f),age,session,date,expName,psychopyVersion,frameRate
26,0.49,1.3,FALSE,1,0,20,5,1,19,blueBalloon.png,32,G,m,,004,2021-05-03_11h06.01.040,bart,3.1.3,60
30,0.55,1.5,FALSE,1,0,20,9,1,19,blueBalloon.png,56,G,m,,004,2021-05-03_11h06.01.040,bart,3.1.3,60
15,0.31,0,TRUE,1,0,20,2,1,19,blueBalloon.png,14,G,m,,004,2021-05-03_11h06.01.040,bart,3.1.3,60
3,0.13,0,TRUE,1,0,20,0,1,19,blueBalloon.png,2,G,m,,004,2021-05-03_11h06.01.040,bart,3.1.3,60
17,0.355,0.85,FALSE,1,0,20,15,1,19,blueBalloon.png,92,G,m,,004,2021-05-03_11h06.01.040,bart,3.1.3,60
24,0.46,1.2,FALSE,1,0,20,10,1,19,blueBalloon.png,62,G,m,,004,2021-05-03_11h06.01.040,bart,3.1.3,60
28,0.52,1.4,FALSE,1,0,20,7,1,19,blueBalloon.png,44,G,m,,004,2021-05-03_11h06.01.040,bart,3.1.3,60
21,0.415,1.05,FALSE,1,0,20,13,1,19,blueBalloon.png,80,G,m,,004,2021-05-03_11h06.01.040,bart,3.1.3,60
17,0.355,0.85,FALSE,1,0,20,11,1,19,blueBalloon.png,68,G,m,,004,2021-05-03_11h06.01.040,bart,3.1.3,60
19,0.385,0.95,FALSE,1,0,20,17,1,19,blueBalloon.png,104,G,m,,004,2021-05-03_11h06.01.040,bart,3.1.3,60
9,0.22,0,TRUE,1,0,20,1,1,19,blueBalloon.png,8,G,m,,004,2021-05-03_11h06.01.040,bart,3.1.3,60
