nPumps,size,earnings,popped,trials.thisRepN,trials.thisTrialN,trials.thisN,trials.thisIndex,trials.ran,trials.order,imageFile,maxPumps,participant,gender (m/f),age,session,date,expName,psychopyVersion,frameRate
13,0.295,0.65,FALSE,1,0,20,5,1,19,blueBalloon.png,32,Hannes,m,21,004,2021-04-21_11h14.35.637,bart,3.1.3,60
30,0.55,1.5,FALSE,1,0,20,9,1,19,blueBalloon.png,56,Hannes,m,21,004,2021-04-21_11h14.35.637,bart,3.1.3,60
15,0.31,0,TRUE,1,0,20,2,1,19,blueBalloon.png,14,Hannes,m,21,004,2021-04-21_11h14.35.637,bart,3.1.3,60
3,0.13,0,TRUE,1,0,20,0,1,19,blueBalloon.png,2,Hannes,m,21,004,2021-04-21_11h14.35.637,bart,3.1.3,60
36,0.64,1.8,FALSE,1,0,20,15,1,19,blueBalloon.png,92,Hannes,m,21,004,2021-04-21_11h14.35.637,bart,3.1.3,60
63,1.03,0,TRUE,1,0,20,10,1,19,blueBalloon.png,62,Hannes,m,21,004,2021-04-21_11h14.35.637,bart,3.1.3,60
