nPumps,size,earnings,popped,trials.thisRepN,trials.thisTrialN,trials.thisN,trials.thisIndex,trials.ran,trials.order,imageFile,maxPumps,participant,gender (m/f),age,session,date,expName,psychopyVersion,frameRate
28,0.52,1.4,FALSE,1,0,20,5,1,19,blueBalloon.png,32,HannahT,f,13,004,2021-05-27_12h32.24.507,bart,3.1.3,60
24,0.46,1.2,FALSE,1,0,20,9,1,19,blueBalloon.png,56,HannahT,f,13,004,2021-05-27_12h32.24.507,bart,3.1.3,60
15,0.31,0,TRUE,1,0,20,2,1,19,blueBalloon.png,14,HannahT,f,13,004,2021-05-27_12h32.24.507,bart,3.1.3,60
3,0.13,0,TRUE,1,0,20,0,1,19,blueBalloon.png,2,HannahT,f,13,004,2021-05-27_12h32.24.507,bart,3.1.3,60
27,0.505,1.35,FALSE,1,0,20,15,1,19,blueBalloon.png,92,HannahT,f,13,004,2021-05-27_12h32.24.507,bart,3.1.3,60
21,0.415,1.05,FALSE,1,0,20,10,1,19,blueBalloon.png,62,HannahT,f,13,004,2021-05-27_12h32.24.507,bart,3.1.3,60
22,0.43,1.1,FALSE,1,0,20,7,1,19,blueBalloon.png,44,HannahT,f,13,004,2021-05-27_12h32.24.507,bart,3.1.3,60
22,0.43,1.1,FALSE,1,0,20,13,1,19,blueBalloon.png,80,HannahT,f,13,004,2021-05-27_12h32.24.507,bart,3.1.3,60
