nPumps,size,earnings,popped,trials.thisRepN,trials.thisTrialN,trials.thisN,trials.thisIndex,trials.ran,trials.order,imageFile,maxPumps,participant,gender (m/f),age,session,date,expName,psychopyVersion,frameRate,doneKey.keys,doneKey.rt
26,0.49,1.3,FALSE,1,0,20,5,1,19,blueBalloon.png,32,Hannah T,f,13,004,2021-05-27_12h45.12.792,bart,3.1.3,60,,
6,0.19,0.3,FALSE,1,0,20,9,1,19,blueBalloon.png,56,Hannah T,f,13,004,2021-05-27_12h45.12.792,bart,3.1.3,60,,
1,0.115,0.05,FALSE,1,0,20,2,1,19,blueBalloon.png,14,Hannah T,f,13,004,2021-05-27_12h45.12.792,bart,3.1.3,60,,
3,0.13,0,TRUE,1,0,20,0,1,19,blueBalloon.png,2,Hannah T,f,13,004,2021-05-27_12h45.12.792,bart,3.1.3,60,,
30,0.55,1.5,FALSE,1,0,20,15,1,19,blueBalloon.png,92,Hannah T,f,13,004,2021-05-27_12h45.12.792,bart,3.1.3,60,,
28,0.52,1.4,FALSE,1,0,20,10,1,19,blueBalloon.png,62,Hannah T,f,13,004,2021-05-27_12h45.12.792,bart,3.1.3,60,,
26,0.49,1.3,FALSE,1,0,20,7,1,19,blueBalloon.png,44,Hannah T,f,13,004,2021-05-27_12h45.12.792,bart,3.1.3,60,,
26,0.49,1.3,FALSE,1,0,20,13,1,19,blueBalloon.png,80,Hannah T,f,13,004,2021-05-27_12h45.12.792,bart,3.1.3,60,,
30,0.55,1.5,FALSE,1,0,20,11,1,19,blueBalloon.png,68,Hannah T,f,13,004,2021-05-27_12h45.12.792,bart,3.1.3,60,,
29,0.535,1.45,FALSE,1,0,20,17,1,19,blueBalloon.png,104,Hannah T,f,13,004,2021-05-27_12h45.12.792,bart,3.1.3,60,,
9,0.22,0,TRUE,1,0,20,1,1,19,blueBalloon.png,8,Hannah T,f,13,004,2021-05-27_12h45.12.792,bart,3.1.3,60,,
27,0.505,1.35,FALSE,1,0,20,6,1,19,blueBalloon.png,38,Hannah T,f,13,004,2021-05-27_12h45.12.792,bart,3.1.3,60,,
27,0.49,0,TRUE,1,0,20,4,1,19,blueBalloon.png,26,Hannah T,f,13,004,2021-05-27_12h45.12.792,bart,3.1.3,60,,
30,0.55,1.5,FALSE,1,0,20,19,1,19,blueBalloon.png,116,Hannah T,f,13,004,2021-05-27_12h45.12.792,bart,3.1.3,60,,
30,0.55,1.5,FALSE,1,0,20,18,1,19,blueBalloon.png,110,Hannah T,f,13,004,2021-05-27_12h45.12.792,bart,3.1.3,60,,
31,0.565,1.55,FALSE,1,0,20,16,1,19,blueBalloon.png,98,Hannah T,f,13,004,2021-05-27_12h45.12.792,bart,3.1.3,60,,
25,0.475,1.25,FALSE,1,0,20,8,1,19,blueBalloon.png,50,Hannah T,f,13,004,2021-05-27_12h45.12.792,bart,3.1.3,60,,
29,0.535,1.45,FALSE,1,0,20,12,1,19,blueBalloon.png,74,Hannah T,f,13,004,2021-05-27_12h45.12.792,bart,3.1.3,60,,
21,0.4,0,TRUE,1,0,20,3,1,19,blueBalloon.png,20,Hannah T,f,13,004,2021-05-27_12h45.12.792,bart,3.1.3,60,,
26,0.49,1.3,FALSE,1,0,20,14,1,19,blueBalloon.png,86,Hannah T,f,13,004,2021-05-27_12h45.12.792,bart,3.1.3,60,,
,,,,,,,,,,,,Hannah T,f,13,004,2021-05-27_12h45.12.792,bart,3.1.3,60,space,0.404000044
