nPumps,size,earnings,popped,trials.thisRepN,trials.thisTrialN,trials.thisN,trials.thisIndex,trials.ran,trials.order,imageFile,maxPumps,participant,gender (m/f),age,session,date,expName,psychopyVersion,frameRate
33,0.58,0,TRUE,1,0,20,5,1,19,blueBalloon.png,32,Hannah,f,13,004,2021-05-27_12h28.44.347,bart,3.1.3,60
26,0.49,1.3,FALSE,1,0,20,9,1,19,blueBalloon.png,56,Hannah,f,13,004,2021-05-27_12h28.44.347,bart,3.1.3,60
15,0.31,0,TRUE,1,0,20,2,1,19,blueBalloon.png,14,Hannah,f,13,004,2021-05-27_12h28.44.347,bart,3.1.3,60
3,0.13,0,TRUE,1,0,20,0,1,19,blueBalloon.png,2,Hannah,f,13,004,2021-05-27_12h28.44.347,bart,3.1.3,60
20,0.4,1,FALSE,1,0,20,15,1,19,blueBalloon.png,92,Hannah,f,13,004,2021-05-27_12h28.44.347,bart,3.1.3,60
20,0.4,1,FALSE,1,0,20,10,1,19,blueBalloon.png,62,Hannah,f,13,004,2021-05-27_12h28.44.347,bart,3.1.3,60
12,0.28,0.6,FALSE,1,0,20,7,1,19,blueBalloon.png,44,Hannah,f,13,004,2021-05-27_12h28.44.347,bart,3.1.3,60
6,0.19,0.3,FALSE,1,0,20,13,1,19,blueBalloon.png,80,Hannah,f,13,004,2021-05-27_12h28.44.347,bart,3.1.3,60
0,0.1,0,FALSE,1,0,20,11,1,19,blueBalloon.png,68,Hannah,f,13,004,2021-05-27_12h28.44.347,bart,3.1.3,60
