nPumps,size,earnings,popped,trials.thisRepN,trials.thisTrialN,trials.thisN,trials.thisIndex,trials.ran,trials.order,imageFile,maxPumps,participant,gender (m/f),age,session,date,expName,psychopyVersion,frameRate
33,0.58,0,TRUE,1,0,20,5,1,19,blueBalloon.png,32,Hans,m,61,004,2021-05-01_14h37.45.081,bart,3.1.3,60
29,0.535,1.45,FALSE,1,0,20,9,1,19,blueBalloon.png,56,Hans,m,61,004,2021-05-01_14h37.45.081,bart,3.1.3,60
15,0.31,0,TRUE,1,0,20,2,1,19,blueBalloon.png,14,Hans,m,61,004,2021-05-01_14h37.45.081,bart,3.1.3,60
3,0.13,0,TRUE,1,0,20,0,1,19,blueBalloon.png,2,Hans,m,61,004,2021-05-01_14h37.45.081,bart,3.1.3,60
2,0.13,0.1,FALSE,1,0,20,15,1,19,blueBalloon.png,92,Hans,m,61,004,2021-05-01_14h37.45.081,bart,3.1.3,60
7,0.205,0.35,FALSE,1,0,20,10,1,19,blueBalloon.png,62,Hans,m,61,004,2021-05-01_14h37.45.081,bart,3.1.3,60
13,0.295,0.65,FALSE,1,0,20,7,1,19,blueBalloon.png,44,Hans,m,61,004,2021-05-01_14h37.45.081,bart,3.1.3,60
10,0.25,0.5,FALSE,1,0,20,13,1,19,blueBalloon.png,80,Hans,m,61,004,2021-05-01_14h37.45.081,bart,3.1.3,60
18,0.37,0.9,FALSE,1,0,20,11,1,19,blueBalloon.png,68,Hans,m,61,004,2021-05-01_14h37.45.081,bart,3.1.3,60
19,0.385,0.95,FALSE,1,0,20,17,1,19,blueBalloon.png,104,Hans,m,61,004,2021-05-01_14h37.45.081,bart,3.1.3,60
