nPumps,size,earnings,popped,trials.thisRepN,trials.thisTrialN,trials.thisN,trials.thisIndex,trials.ran,trials.order,imageFile,maxPumps,participant,gender (m/f),age,session,date,expName,psychopyVersion,frameRate,doneKey.keys,doneKey.rt
8,0.22,0.4,FALSE,1,0,20,5,1,19,blueBalloon.png,32,Harry Gillies,m,13,ErinMscHarry190521,2021-05-19_11h42.58.781,bart,3.1.3,60,,
8,0.22,0.4,FALSE,1,0,20,9,1,19,blueBalloon.png,56,Harry Gillies,m,13,ErinMscHarry190521,2021-05-19_11h42.58.781,bart,3.1.3,60,,
11,0.265,0.55,FALSE,1,0,20,2,1,19,blueBalloon.png,14,Harry Gillies,m,13,ErinMscHarry190521,2021-05-19_11h42.58.781,bart,3.1.3,60,,
3,0.13,0,TRUE,1,0,20,0,1,19,blueBalloon.png,2,Harry Gillies,m,13,ErinMscHarry190521,2021-05-19_11h42.58.781,bart,3.1.3,60,,
6,0.19,0.3,FALSE,1,0,20,15,1,19,blueBalloon.png,92,Harry Gillies,m,13,ErinMscHarry190521,2021-05-19_11h42.58.781,bart,3.1.3,60,,
4,0.16,0.2,FALSE,1,0,20,10,1,19,blueBalloon.png,62,Harry Gillies,m,13,ErinMscHarry190521,2021-05-19_11h42.58.781,bart,3.1.3,60,,
6,0.19,0.3,FALSE,1,0,20,7,1,19,blueBalloon.png,44,Harry Gillies,m,13,ErinMscHarry190521,2021-05-19_11h42.58.781,bart,3.1.3,60,,
6,0.19,0.3,FALSE,1,0,20,13,1,19,blueBalloon.png,80,Harry Gillies,m,13,ErinMscHarry190521,2021-05-19_11h42.58.781,bart,3.1.3,60,,
5,0.175,0.25,FALSE,1,0,20,11,1,19,blueBalloon.png,68,Harry Gillies,m,13,ErinMscHarry190521,2021-05-19_11h42.58.781,bart,3.1.3,60,,
5,0.175,0.25,FALSE,1,0,20,17,1,19,blueBalloon.png,104,Harry Gillies,m,13,ErinMscHarry190521,2021-05-19_11h42.58.781,bart,3.1.3,60,,
6,0.19,0.3,FALSE,1,0,20,1,1,19,blueBalloon.png,8,Harry Gillies,m,13,ErinMscHarry190521,2021-05-19_11h42.58.781,bart,3.1.3,60,,
8,0.22,0.4,FALSE,1,0,20,6,1,19,blueBalloon.png,38,Harry Gillies,m,13,ErinMscHarry190521,2021-05-19_11h42.58.781,bart,3.1.3,60,,
8,0.22,0.4,FALSE,1,0,20,4,1,19,blueBalloon.png,26,Harry Gillies,m,13,ErinMscHarry190521,2021-05-19_11h42.58.781,bart,3.1.3,60,,
6,0.19,0.3,FALSE,1,0,20,19,1,19,blueBalloon.png,116,Harry Gillies,m,13,ErinMscHarry190521,2021-05-19_11h42.58.781,bart,3.1.3,60,,
6,0.19,0.3,FALSE,1,0,20,18,1,19,blueBalloon.png,110,Harry Gillies,m,13,ErinMscHarry190521,2021-05-19_11h42.58.781,bart,3.1.3,60,,
7,0.205,0.35,FALSE,1,0,20,16,1,19,blueBalloon.png,98,Harry Gillies,m,13,ErinMscHarry190521,2021-05-19_11h42.58.781,bart,3.1.3,60,,
6,0.19,0.3,FALSE,1,0,20,8,1,19,blueBalloon.png,50,Harry Gillies,m,13,ErinMscHarry190521,2021-05-19_11h42.58.781,bart,3.1.3,60,,
8,0.22,0.4,FALSE,1,0,20,12,1,19,blueBalloon.png,74,Harry Gillies,m,13,ErinMscHarry190521,2021-05-19_11h42.58.781,bart,3.1.3,60,,
0,0.1,0,FALSE,1,0,20,3,1,19,blueBalloon.png,20,Harry Gillies,m,13,ErinMscHarry190521,2021-05-19_11h42.58.781,bart,3.1.3,60,,
0,0.1,0,FALSE,1,0,20,14,1,19,blueBalloon.png,86,Harry Gillies,m,13,ErinMscHarry190521,2021-05-19_11h42.58.781,bart,3.1.3,60,,
,,,,,,,,,,,,Harry Gillies,m,13,ErinMscHarry190521,2021-05-19_11h42.58.781,bart,3.1.3,60,f,0.760999918
