nPumps,size,earnings,popped,trials.thisRepN,trials.thisTrialN,trials.thisN,trials.thisIndex,trials.ran,trials.order,imageFile,maxPumps,participant,gender (m/f),age,session,date,expName,psychopyVersion,frameRate,doneKey.keys,doneKey.rt
33,0.58,0,TRUE,1,0,20,5,1,19,blueBalloon.png,32,HJL,f,26,004,2021-03-29_13h16.58.094,bart,3.1.3,60,,
24,0.46,1.2,FALSE,1,0,20,9,1,19,blueBalloon.png,56,HJL,f,26,004,2021-03-29_13h16.58.094,bart,3.1.3,60,,
15,0.31,0,TRUE,1,0,20,2,1,19,blueBalloon.png,14,HJL,f,26,004,2021-03-29_13h16.58.094,bart,3.1.3,60,,
3,0.13,0,TRUE,1,0,20,0,1,19,blueBalloon.png,2,HJL,f,26,004,2021-03-29_13h16.58.094,bart,3.1.3,60,,
10,0.25,0.5,FALSE,1,0,20,15,1,19,blueBalloon.png,92,HJL,f,26,004,2021-03-29_13h16.58.094,bart,3.1.3,60,,
18,0.37,0.9,FALSE,1,0,20,10,1,19,blueBalloon.png,62,HJL,f,26,004,2021-03-29_13h16.58.094,bart,3.1.3,60,,
24,0.46,1.2,FALSE,1,0,20,7,1,19,blueBalloon.png,44,HJL,f,26,004,2021-03-29_13h16.58.094,bart,3.1.3,60,,
30,0.55,1.5,FALSE,1,0,20,13,1,19,blueBalloon.png,80,HJL,f,26,004,2021-03-29_13h16.58.094,bart,3.1.3,60,,
36,0.64,1.8,FALSE,1,0,20,11,1,19,blueBalloon.png,68,HJL,f,26,004,2021-03-29_13h16.58.094,bart,3.1.3,60,,
40,0.7,2,FALSE,1,0,20,17,1,19,blueBalloon.png,104,HJL,f,26,004,2021-03-29_13h16.58.094,bart,3.1.3,60,,
9,0.22,0,TRUE,1,0,20,1,1,19,blueBalloon.png,8,HJL,f,26,004,2021-03-29_13h16.58.094,bart,3.1.3,60,,
39,0.67,0,TRUE,1,0,20,6,1,19,blueBalloon.png,38,HJL,f,26,004,2021-03-29_13h16.58.094,bart,3.1.3,60,,
27,0.49,0,TRUE,1,0,20,4,1,19,blueBalloon.png,26,HJL,f,26,004,2021-03-29_13h16.58.094,bart,3.1.3,60,,
22,0.43,1.1,FALSE,1,0,20,19,1,19,blueBalloon.png,116,HJL,f,26,004,2021-03-29_13h16.58.094,bart,3.1.3,60,,
24,0.46,1.2,FALSE,1,0,20,18,1,19,blueBalloon.png,110,HJL,f,26,004,2021-03-29_13h16.58.094,bart,3.1.3,60,,
32,0.58,1.6,FALSE,1,0,20,16,1,19,blueBalloon.png,98,HJL,f,26,004,2021-03-29_13h16.58.094,bart,3.1.3,60,,
30,0.55,1.5,FALSE,1,0,20,8,1,19,blueBalloon.png,50,HJL,f,26,004,2021-03-29_13h16.58.094,bart,3.1.3,60,,
32,0.58,1.6,FALSE,1,0,20,12,1,19,blueBalloon.png,74,HJL,f,26,004,2021-03-29_13h16.58.094,bart,3.1.3,60,,
21,0.4,0,TRUE,1,0,20,3,1,19,blueBalloon.png,20,HJL,f,26,004,2021-03-29_13h16.58.094,bart,3.1.3,60,,
30,0.55,1.5,FALSE,1,0,20,14,1,19,blueBalloon.png,86,HJL,f,26,004,2021-03-29_13h16.58.094,bart,3.1.3,60,,
,,,,,,,,,,,,HJL,f,26,004,2021-03-29_13h16.58.094,bart,3.1.3,60,return,3.082000017
