nPumps,size,earnings,popped,trials.thisRepN,trials.thisTrialN,trials.thisN,trials.thisIndex,trials.ran,trials.order,imageFile,maxPumps,participant,gender (m/f),age,session,date,expName,psychopyVersion,frameRate,doneKey.keys,doneKey.rt
23,0.445,1.15,FALSE,1,0,20,5,1,19,blueBalloon.png,32,Holly,f,16,004,2021-05-14_11h42.00.992,bart,3.1.3,60,,
13,0.295,0.65,FALSE,1,0,20,9,1,19,blueBalloon.png,56,Holly,f,16,004,2021-05-14_11h42.00.992,bart,3.1.3,60,,
15,0.31,0,TRUE,1,0,20,2,1,19,blueBalloon.png,14,Holly,f,16,004,2021-05-14_11h42.00.992,bart,3.1.3,60,,
3,0.13,0,TRUE,1,0,20,0,1,19,blueBalloon.png,2,Holly,f,16,004,2021-05-14_11h42.00.992,bart,3.1.3,60,,
1,0.115,0.05,FALSE,1,0,20,15,1,19,blueBalloon.png,92,Holly,f,16,004,2021-05-14_11h42.00.992,bart,3.1.3,60,,
30,0.55,1.5,FALSE,1,0,20,10,1,19,blueBalloon.png,62,Holly,f,16,004,2021-05-14_11h42.00.992,bart,3.1.3,60,,
28,0.52,1.4,FALSE,1,0,20,7,1,19,blueBalloon.png,44,Holly,f,16,004,2021-05-14_11h42.00.992,bart,3.1.3,60,,
28,0.52,1.4,FALSE,1,0,20,13,1,19,blueBalloon.png,80,Holly,f,16,004,2021-05-14_11h42.00.992,bart,3.1.3,60,,
29,0.535,1.45,FALSE,1,0,20,11,1,19,blueBalloon.png,68,Holly,f,16,004,2021-05-14_11h42.00.992,bart,3.1.3,60,,
42,0.73,2.1,FALSE,1,0,20,17,1,19,blueBalloon.png,104,Holly,f,16,004,2021-05-14_11h42.00.992,bart,3.1.3,60,,
9,0.22,0,TRUE,1,0,20,1,1,19,blueBalloon.png,8,Holly,f,16,004,2021-05-14_11h42.00.992,bart,3.1.3,60,,
1,0.115,0.05,FALSE,1,0,20,6,1,19,blueBalloon.png,38,Holly,f,16,004,2021-05-14_11h42.00.992,bart,3.1.3,60,,
27,0.49,0,TRUE,1,0,20,4,1,19,blueBalloon.png,26,Holly,f,16,004,2021-05-14_11h42.00.992,bart,3.1.3,60,,
7,0.205,0.35,FALSE,1,0,20,19,1,19,blueBalloon.png,116,Holly,f,16,004,2021-05-14_11h42.00.992,bart,3.1.3,60,,
36,0.64,1.8,FALSE,1,0,20,18,1,19,blueBalloon.png,110,Holly,f,16,004,2021-05-14_11h42.00.992,bart,3.1.3,60,,
31,0.565,1.55,FALSE,1,0,20,16,1,19,blueBalloon.png,98,Holly,f,16,004,2021-05-14_11h42.00.992,bart,3.1.3,60,,
42,0.73,2.1,FALSE,1,0,20,8,1,19,blueBalloon.png,50,Holly,f,16,004,2021-05-14_11h42.00.992,bart,3.1.3,60,,
50,0.85,2.5,FALSE,1,0,20,12,1,19,blueBalloon.png,74,Holly,f,16,004,2021-05-14_11h42.00.992,bart,3.1.3,60,,
21,0.4,0,TRUE,1,0,20,3,1,19,blueBalloon.png,20,Holly,f,16,004,2021-05-14_11h42.00.992,bart,3.1.3,60,,
6,0.19,0.3,FALSE,1,0,20,14,1,19,blueBalloon.png,86,Holly,f,16,004,2021-05-14_11h42.00.992,bart,3.1.3,60,,
,,,,,,,,,,,,Holly,f,16,004,2021-05-14_11h42.00.992,bart,3.1.3,60,space,0.277999878
