nPumps,size,earnings,popped,trials.thisRepN,trials.thisTrialN,trials.thisN,trials.thisIndex,trials.ran,trials.order,imageFile,maxPumps,participant,gender (m/f),age,session,date,expName,psychopyVersion,frameRate,doneKey.keys,doneKey.rt
33,0.58,0,TRUE,1,0,20,5,1,19,blueBalloon.png,32,Hollie,f,16,004,2021-05-21_14h52.14.704,bart,3.1.3,60,,
0,0.1,0,FALSE,1,0,20,9,1,19,blueBalloon.png,56,Hollie,f,16,004,2021-05-21_14h52.14.704,bart,3.1.3,60,,
15,0.31,0,TRUE,1,0,20,2,1,19,blueBalloon.png,14,Hollie,f,16,004,2021-05-21_14h52.14.704,bart,3.1.3,60,,
3,0.13,0,TRUE,1,0,20,0,1,19,blueBalloon.png,2,Hollie,f,16,004,2021-05-21_14h52.14.704,bart,3.1.3,60,,
1,0.115,0.05,FALSE,1,0,20,15,1,19,blueBalloon.png,92,Hollie,f,16,004,2021-05-21_14h52.14.704,bart,3.1.3,60,,
1,0.115,0.05,FALSE,1,0,20,10,1,19,blueBalloon.png,62,Hollie,f,16,004,2021-05-21_14h52.14.704,bart,3.1.3,60,,
20,0.4,1,FALSE,1,0,20,7,1,19,blueBalloon.png,44,Hollie,f,16,004,2021-05-21_14h52.14.704,bart,3.1.3,60,,
20,0.4,1,FALSE,1,0,20,13,1,19,blueBalloon.png,80,Hollie,f,16,004,2021-05-21_14h52.14.704,bart,3.1.3,60,,
23,0.445,1.15,FALSE,1,0,20,11,1,19,blueBalloon.png,68,Hollie,f,16,004,2021-05-21_14h52.14.704,bart,3.1.3,60,,
27,0.505,1.35,FALSE,1,0,20,17,1,19,blueBalloon.png,104,Hollie,f,16,004,2021-05-21_14h52.14.704,bart,3.1.3,60,,
9,0.22,0,TRUE,1,0,20,1,1,19,blueBalloon.png,8,Hollie,f,16,004,2021-05-21_14h52.14.704,bart,3.1.3,60,,
20,0.4,1,FALSE,1,0,20,6,1,19,blueBalloon.png,38,Hollie,f,16,004,2021-05-21_14h52.14.704,bart,3.1.3,60,,
26,0.49,1.3,FALSE,1,0,20,4,1,19,blueBalloon.png,26,Hollie,f,16,004,2021-05-21_14h52.14.704,bart,3.1.3,60,,
30,0.55,1.5,FALSE,1,0,20,19,1,19,blueBalloon.png,116,Hollie,f,16,004,2021-05-21_14h52.14.704,bart,3.1.3,60,,
30,0.55,1.5,FALSE,1,0,20,18,1,19,blueBalloon.png,110,Hollie,f,16,004,2021-05-21_14h52.14.704,bart,3.1.3,60,,
34,0.61,1.7,FALSE,1,0,20,16,1,19,blueBalloon.png,98,Hollie,f,16,004,2021-05-21_14h52.14.704,bart,3.1.3,60,,
34,0.61,1.7,FALSE,1,0,20,8,1,19,blueBalloon.png,50,Hollie,f,16,004,2021-05-21_14h52.14.704,bart,3.1.3,60,,
32,0.58,1.6,FALSE,1,0,20,12,1,19,blueBalloon.png,74,Hollie,f,16,004,2021-05-21_14h52.14.704,bart,3.1.3,60,,
21,0.4,0,TRUE,1,0,20,3,1,19,blueBalloon.png,20,Hollie,f,16,004,2021-05-21_14h52.14.704,bart,3.1.3,60,,
28,0.52,1.4,FALSE,1,0,20,14,1,19,blueBalloon.png,86,Hollie,f,16,004,2021-05-21_14h52.14.704,bart,3.1.3,60,,
,,,,,,,,,,,,Hollie,f,16,004,2021-05-21_14h52.14.704,bart,3.1.3,60,space,0.340000153
