nPumps,size,earnings,popped,trials.thisRepN,trials.thisTrialN,trials.thisN,trials.thisIndex,trials.ran,trials.order,imageFile,maxPumps,participant,gender (m/f),age,session,date,expName,psychopyVersion,frameRate,doneKey.keys,doneKey.rt
33,0.58,0,TRUE,1,0,20,5,1,19,blueBalloon.png,32,Imogen F,F,16,ErinsMSc,2021-05-12_10h32.31.946,bart,3.1.3,60,,
20,0.4,1,FALSE,1,0,20,9,1,19,blueBalloon.png,56,Imogen F,F,16,ErinsMSc,2021-05-12_10h32.31.946,bart,3.1.3,60,,
15,0.31,0,TRUE,1,0,20,2,1,19,blueBalloon.png,14,Imogen F,F,16,ErinsMSc,2021-05-12_10h32.31.946,bart,3.1.3,60,,
3,0.13,0,TRUE,1,0,20,0,1,19,blueBalloon.png,2,Imogen F,F,16,ErinsMSc,2021-05-12_10h32.31.946,bart,3.1.3,60,,
25,0.475,1.25,FALSE,1,0,20,15,1,19,blueBalloon.png,92,Imogen F,F,16,ErinsMSc,2021-05-12_10h32.31.946,bart,3.1.3,60,,
26,0.49,1.3,FALSE,1,0,20,10,1,19,blueBalloon.png,62,Imogen F,F,16,ErinsMSc,2021-05-12_10h32.31.946,bart,3.1.3,60,,
30,0.55,1.5,FALSE,1,0,20,7,1,19,blueBalloon.png,44,Imogen F,F,16,ErinsMSc,2021-05-12_10h32.31.946,bart,3.1.3,60,,
32,0.58,1.6,FALSE,1,0,20,13,1,19,blueBalloon.png,80,Imogen F,F,16,ErinsMSc,2021-05-12_10h32.31.946,bart,3.1.3,60,,
32,0.58,1.6,FALSE,1,0,20,11,1,19,blueBalloon.png,68,Imogen F,F,16,ErinsMSc,2021-05-12_10h32.31.946,bart,3.1.3,60,,
32,0.58,1.6,FALSE,1,0,20,17,1,19,blueBalloon.png,104,Imogen F,F,16,ErinsMSc,2021-05-12_10h32.31.946,bart,3.1.3,60,,
9,0.22,0,TRUE,1,0,20,1,1,19,blueBalloon.png,8,Imogen F,F,16,ErinsMSc,2021-05-12_10h32.31.946,bart,3.1.3,60,,
32,0.58,1.6,FALSE,1,0,20,6,1,19,blueBalloon.png,38,Imogen F,F,16,ErinsMSc,2021-05-12_10h32.31.946,bart,3.1.3,60,,
27,0.49,0,TRUE,1,0,20,4,1,19,blueBalloon.png,26,Imogen F,F,16,ErinsMSc,2021-05-12_10h32.31.946,bart,3.1.3,60,,
24,0.46,1.2,FALSE,1,0,20,19,1,19,blueBalloon.png,116,Imogen F,F,16,ErinsMSc,2021-05-12_10h32.31.946,bart,3.1.3,60,,
32,0.58,1.6,FALSE,1,0,20,18,1,19,blueBalloon.png,110,Imogen F,F,16,ErinsMSc,2021-05-12_10h32.31.946,bart,3.1.3,60,,
31,0.565,1.55,FALSE,1,0,20,16,1,19,blueBalloon.png,98,Imogen F,F,16,ErinsMSc,2021-05-12_10h32.31.946,bart,3.1.3,60,,
30,0.55,1.5,FALSE,1,0,20,8,1,19,blueBalloon.png,50,Imogen F,F,16,ErinsMSc,2021-05-12_10h32.31.946,bart,3.1.3,60,,
32,0.58,1.6,FALSE,1,0,20,12,1,19,blueBalloon.png,74,Imogen F,F,16,ErinsMSc,2021-05-12_10h32.31.946,bart,3.1.3,60,,
21,0.4,0,TRUE,1,0,20,3,1,19,blueBalloon.png,20,Imogen F,F,16,ErinsMSc,2021-05-12_10h32.31.946,bart,3.1.3,60,,
32,0.58,1.6,FALSE,1,0,20,14,1,19,blueBalloon.png,86,Imogen F,F,16,ErinsMSc,2021-05-12_10h32.31.946,bart,3.1.3,60,,
,,,,,,,,,,,,Imogen F,F,16,ErinsMSc,2021-05-12_10h32.31.946,bart,3.1.3,60,return,8.603999853
