nPumps,size,earnings,popped,trials.thisRepN,trials.thisTrialN,trials.thisN,trials.thisIndex,trials.ran,trials.order,imageFile,maxPumps,participant,gender (m/f),age,session,date,expName,psychopyVersion,frameRate,doneKey.keys,doneKey.rt
20,0.4,1,FALSE,1,0,20,5,1,19,blueBalloon.png,32,Isla MacFarlane,f,18,ErinsMSC,2021-05-17_11h37.45.046,bart,3.1.3,60,,
20,0.4,1,FALSE,1,0,20,9,1,19,blueBalloon.png,56,Isla MacFarlane,f,18,ErinsMSC,2021-05-17_11h37.45.046,bart,3.1.3,60,,
15,0.31,0,TRUE,1,0,20,2,1,19,blueBalloon.png,14,Isla MacFarlane,f,18,ErinsMSC,2021-05-17_11h37.45.046,bart,3.1.3,60,,
3,0.13,0,TRUE,1,0,20,0,1,19,blueBalloon.png,2,Isla MacFarlane,f,18,ErinsMSC,2021-05-17_11h37.45.046,bart,3.1.3,60,,
6,0.19,0.3,FALSE,1,0,20,15,1,19,blueBalloon.png,92,Isla MacFarlane,f,18,ErinsMSC,2021-05-17_11h37.45.046,bart,3.1.3,60,,
10,0.25,0.5,FALSE,1,0,20,10,1,19,blueBalloon.png,62,Isla MacFarlane,f,18,ErinsMSC,2021-05-17_11h37.45.046,bart,3.1.3,60,,
10,0.25,0.5,FALSE,1,0,20,7,1,19,blueBalloon.png,44,Isla MacFarlane,f,18,ErinsMSC,2021-05-17_11h37.45.046,bart,3.1.3,60,,
20,0.4,1,FALSE,1,0,20,13,1,19,blueBalloon.png,80,Isla MacFarlane,f,18,ErinsMSC,2021-05-17_11h37.45.046,bart,3.1.3,60,,
16,0.34,0.8,FALSE,1,0,20,11,1,19,blueBalloon.png,68,Isla MacFarlane,f,18,ErinsMSC,2021-05-17_11h37.45.046,bart,3.1.3,60,,
20,0.4,1,FALSE,1,0,20,17,1,19,blueBalloon.png,104,Isla MacFarlane,f,18,ErinsMSC,2021-05-17_11h37.45.046,bart,3.1.3,60,,
9,0.22,0,TRUE,1,0,20,1,1,19,blueBalloon.png,8,Isla MacFarlane,f,18,ErinsMSC,2021-05-17_11h37.45.046,bart,3.1.3,60,,
20,0.4,1,FALSE,1,0,20,6,1,19,blueBalloon.png,38,Isla MacFarlane,f,18,ErinsMSC,2021-05-17_11h37.45.046,bart,3.1.3,60,,
15,0.325,0.75,FALSE,1,0,20,4,1,19,blueBalloon.png,26,Isla MacFarlane,f,18,ErinsMSC,2021-05-17_11h37.45.046,bart,3.1.3,60,,
26,0.49,1.3,FALSE,1,0,20,19,1,19,blueBalloon.png,116,Isla MacFarlane,f,18,ErinsMSC,2021-05-17_11h37.45.046,bart,3.1.3,60,,
26,0.49,1.3,FALSE,1,0,20,18,1,19,blueBalloon.png,110,Isla MacFarlane,f,18,ErinsMSC,2021-05-17_11h37.45.046,bart,3.1.3,60,,
26,0.49,1.3,FALSE,1,0,20,16,1,19,blueBalloon.png,98,Isla MacFarlane,f,18,ErinsMSC,2021-05-17_11h37.45.046,bart,3.1.3,60,,
37,0.655,1.85,FALSE,1,0,20,8,1,19,blueBalloon.png,50,Isla MacFarlane,f,18,ErinsMSC,2021-05-17_11h37.45.046,bart,3.1.3,60,,
29,0.535,1.45,FALSE,1,0,20,12,1,19,blueBalloon.png,74,Isla MacFarlane,f,18,ErinsMSC,2021-05-17_11h37.45.046,bart,3.1.3,60,,
21,0.4,0,TRUE,1,0,20,3,1,19,blueBalloon.png,20,Isla MacFarlane,f,18,ErinsMSC,2021-05-17_11h37.45.046,bart,3.1.3,60,,
23,0.445,1.15,FALSE,1,0,20,14,1,19,blueBalloon.png,86,Isla MacFarlane,f,18,ErinsMSC,2021-05-17_11h37.45.046,bart,3.1.3,60,,
,,,,,,,,,,,,Isla MacFarlane,f,18,ErinsMSC,2021-05-17_11h37.45.046,bart,3.1.3,60,space,0.411000013
