nPumps,size,earnings,popped,trials.thisRepN,trials.thisTrialN,trials.thisN,trials.thisIndex,trials.ran,trials.order,imageFile,maxPumps,participant,gender (m/f),age,session,date,expName,psychopyVersion,frameRate,doneKey.keys,doneKey.rt
33,0.58,0,TRUE,1,0,20,5,1,19,blueBalloon.png,32,Jack,m,16,004,2021-05-21_11h44.28.881,bart,3.1.3,60,,
57,0.94,0,TRUE,1,0,20,9,1,19,blueBalloon.png,56,Jack,m,16,004,2021-05-21_11h44.28.881,bart,3.1.3,60,,
15,0.31,0,TRUE,1,0,20,2,1,19,blueBalloon.png,14,Jack,m,16,004,2021-05-21_11h44.28.881,bart,3.1.3,60,,
3,0.13,0,TRUE,1,0,20,0,1,19,blueBalloon.png,2,Jack,m,16,004,2021-05-21_11h44.28.881,bart,3.1.3,60,,
56,0.94,2.8,FALSE,1,0,20,15,1,19,blueBalloon.png,92,Jack,m,16,004,2021-05-21_11h44.28.881,bart,3.1.3,60,,
57,0.955,2.85,FALSE,1,0,20,10,1,19,blueBalloon.png,62,Jack,m,16,004,2021-05-21_11h44.28.881,bart,3.1.3,60,,
45,0.76,0,TRUE,1,0,20,7,1,19,blueBalloon.png,44,Jack,m,16,004,2021-05-21_11h44.28.881,bart,3.1.3,60,,
47,0.805,2.35,FALSE,1,0,20,13,1,19,blueBalloon.png,80,Jack,m,16,004,2021-05-21_11h44.28.881,bart,3.1.3,60,,
64,1.06,3.2,FALSE,1,0,20,11,1,19,blueBalloon.png,68,Jack,m,16,004,2021-05-21_11h44.28.881,bart,3.1.3,60,,
74,1.21,3.7,FALSE,1,0,20,17,1,19,blueBalloon.png,104,Jack,m,16,004,2021-05-21_11h44.28.881,bart,3.1.3,60,,
9,0.22,0,TRUE,1,0,20,1,1,19,blueBalloon.png,8,Jack,m,16,004,2021-05-21_11h44.28.881,bart,3.1.3,60,,
39,0.67,0,TRUE,1,0,20,6,1,19,blueBalloon.png,38,Jack,m,16,004,2021-05-21_11h44.28.881,bart,3.1.3,60,,
27,0.49,0,TRUE,1,0,20,4,1,19,blueBalloon.png,26,Jack,m,16,004,2021-05-21_11h44.28.881,bart,3.1.3,60,,
31,0.565,1.55,FALSE,1,0,20,19,1,19,blueBalloon.png,116,Jack,m,16,004,2021-05-21_11h44.28.881,bart,3.1.3,60,,
51,0.865,2.55,FALSE,1,0,20,18,1,19,blueBalloon.png,110,Jack,m,16,004,2021-05-21_11h44.28.881,bart,3.1.3,60,,
59,0.985,2.95,FALSE,1,0,20,16,1,19,blueBalloon.png,98,Jack,m,16,004,2021-05-21_11h44.28.881,bart,3.1.3,60,,
42,0.73,2.1,FALSE,1,0,20,8,1,19,blueBalloon.png,50,Jack,m,16,004,2021-05-21_11h44.28.881,bart,3.1.3,60,,
69,1.135,3.45,FALSE,1,0,20,12,1,19,blueBalloon.png,74,Jack,m,16,004,2021-05-21_11h44.28.881,bart,3.1.3,60,,
21,0.4,0,TRUE,1,0,20,3,1,19,blueBalloon.png,20,Jack,m,16,004,2021-05-21_11h44.28.881,bart,3.1.3,60,,
54,0.91,2.7,FALSE,1,0,20,14,1,19,blueBalloon.png,86,Jack,m,16,004,2021-05-21_11h44.28.881,bart,3.1.3,60,,
,,,,,,,,,,,,Jack,m,16,004,2021-05-21_11h44.28.881,bart,3.1.3,60,space,2.828999996
