nPumps,size,earnings,popped,trials.thisRepN,trials.thisTrialN,trials.thisN,trials.thisIndex,trials.ran,trials.order,imageFile,maxPumps,participant,gender (m/f),age,session,date,expName,psychopyVersion,frameRate
15,0.325,0.75,FALSE,1,0,20,5,1,19,blueBalloon.png,32,Jack,m,16,004,2021-05-27_11h42.09.238,bart,3.1.3,60
20,0.4,1,FALSE,1,0,20,9,1,19,blueBalloon.png,56,Jack,m,16,004,2021-05-27_11h42.09.238,bart,3.1.3,60
15,0.31,0,TRUE,1,0,20,2,1,19,blueBalloon.png,14,Jack,m,16,004,2021-05-27_11h42.09.238,bart,3.1.3,60
3,0.13,0,TRUE,1,0,20,0,1,19,blueBalloon.png,2,Jack,m,16,004,2021-05-27_11h42.09.238,bart,3.1.3,60
10,0.25,0.5,FALSE,1,0,20,15,1,19,blueBalloon.png,92,Jack,m,16,004,2021-05-27_11h42.09.238,bart,3.1.3,60
15,0.325,0.75,FALSE,1,0,20,10,1,19,blueBalloon.png,62,Jack,m,16,004,2021-05-27_11h42.09.238,bart,3.1.3,60
13,0.295,0.65,FALSE,1,0,20,7,1,19,blueBalloon.png,44,Jack,m,16,004,2021-05-27_11h42.09.238,bart,3.1.3,60
15,0.325,0.75,FALSE,1,0,20,13,1,19,blueBalloon.png,80,Jack,m,16,004,2021-05-27_11h42.09.238,bart,3.1.3,60
25,0.475,1.25,FALSE,1,0,20,11,1,19,blueBalloon.png,68,Jack,m,16,004,2021-05-27_11h42.09.238,bart,3.1.3,60
15,0.325,0.75,FALSE,1,0,20,17,1,19,blueBalloon.png,104,Jack,m,16,004,2021-05-27_11h42.09.238,bart,3.1.3,60
9,0.22,0,TRUE,1,0,20,1,1,19,blueBalloon.png,8,Jack,m,16,004,2021-05-27_11h42.09.238,bart,3.1.3,60
15,0.325,0.75,FALSE,1,0,20,6,1,19,blueBalloon.png,38,Jack,m,16,004,2021-05-27_11h42.09.238,bart,3.1.3,60
15,0.325,0.75,FALSE,1,0,20,4,1,19,blueBalloon.png,26,Jack,m,16,004,2021-05-27_11h42.09.238,bart,3.1.3,60
25,0.475,1.25,FALSE,1,0,20,19,1,19,blueBalloon.png,116,Jack,m,16,004,2021-05-27_11h42.09.238,bart,3.1.3,60
15,0.325,0.75,FALSE,1,0,20,18,1,19,blueBalloon.png,110,Jack,m,16,004,2021-05-27_11h42.09.238,bart,3.1.3,60
12,0.28,0.6,FALSE,1,0,20,16,1,19,blueBalloon.png,98,Jack,m,16,004,2021-05-27_11h42.09.238,bart,3.1.3,60
