nPumps,size,earnings,popped,trials.thisRepN,trials.thisTrialN,trials.thisN,trials.thisIndex,trials.ran,trials.order,imageFile,maxPumps,participant,gender (m/f),age,session,date,expName,psychopyVersion,frameRate
25,0.475,1.25,FALSE,1,0,20,5,1,19,blueBalloon.png,32,Jack Kane,male,16,rinsMScScot27May,2021-05-27_11h36.11.626,bart,3.1.3,60
30,0.55,1.5,FALSE,1,0,20,9,1,19,blueBalloon.png,56,Jack Kane,male,16,rinsMScScot27May,2021-05-27_11h36.11.626,bart,3.1.3,60
15,0.31,0,TRUE,1,0,20,2,1,19,blueBalloon.png,14,Jack Kane,male,16,rinsMScScot27May,2021-05-27_11h36.11.626,bart,3.1.3,60
3,0.13,0,TRUE,1,0,20,0,1,19,blueBalloon.png,2,Jack Kane,male,16,rinsMScScot27May,2021-05-27_11h36.11.626,bart,3.1.3,60
11,0.265,0.55,FALSE,1,0,20,15,1,19,blueBalloon.png,92,Jack Kane,male,16,rinsMScScot27May,2021-05-27_11h36.11.626,bart,3.1.3,60
15,0.325,0.75,FALSE,1,0,20,10,1,19,blueBalloon.png,62,Jack Kane,male,16,rinsMScScot27May,2021-05-27_11h36.11.626,bart,3.1.3,60
16,0.34,0.8,FALSE,1,0,20,7,1,19,blueBalloon.png,44,Jack Kane,male,16,rinsMScScot27May,2021-05-27_11h36.11.626,bart,3.1.3,60
0,0.1,0,FALSE,1,0,20,13,1,19,blueBalloon.png,80,Jack Kane,male,16,rinsMScScot27May,2021-05-27_11h36.11.626,bart,3.1.3,60
4,0.16,0.2,FALSE,1,0,20,11,1,19,blueBalloon.png,68,Jack Kane,male,16,rinsMScScot27May,2021-05-27_11h36.11.626,bart,3.1.3,60
