nPumps,size,earnings,popped,trials.thisRepN,trials.thisTrialN,trials.thisN,trials.thisIndex,trials.ran,trials.order,imageFile,maxPumps,participant,gender (m/f),age,session,date,expName,psychopyVersion,frameRate
33,0.58,0,TRUE,1,0,20,5,1,19,blueBalloon.png,32,Jack,m,16,004,2021-05-21_11h38.56.193,bart,3.1.3,60
57,0.94,0,TRUE,1,0,20,9,1,19,blueBalloon.png,56,Jack,m,16,004,2021-05-21_11h38.56.193,bart,3.1.3,60
15,0.31,0,TRUE,1,0,20,2,1,19,blueBalloon.png,14,Jack,m,16,004,2021-05-21_11h38.56.193,bart,3.1.3,60
3,0.13,0,TRUE,1,0,20,0,1,19,blueBalloon.png,2,Jack,m,16,004,2021-05-21_11h38.56.193,bart,3.1.3,60
21,0.415,1.05,FALSE,1,0,20,15,1,19,blueBalloon.png,92,Jack,m,16,004,2021-05-21_11h38.56.193,bart,3.1.3,60
42,0.73,2.1,FALSE,1,0,20,10,1,19,blueBalloon.png,62,Jack,m,16,004,2021-05-21_11h38.56.193,bart,3.1.3,60
45,0.76,0,TRUE,1,0,20,7,1,19,blueBalloon.png,44,Jack,m,16,004,2021-05-21_11h38.56.193,bart,3.1.3,60
50,0.85,2.5,FALSE,1,0,20,13,1,19,blueBalloon.png,80,Jack,m,16,004,2021-05-21_11h38.56.193,bart,3.1.3,60
69,1.12,0,TRUE,1,0,20,11,1,19,blueBalloon.png,68,Jack,m,16,004,2021-05-21_11h38.56.193,bart,3.1.3,60
61,1.015,3.05,FALSE,1,0,20,17,1,19,blueBalloon.png,104,Jack,m,16,004,2021-05-21_11h38.56.193,bart,3.1.3,60
9,0.22,0,TRUE,1,0,20,1,1,19,blueBalloon.png,8,Jack,m,16,004,2021-05-21_11h38.56.193,bart,3.1.3,60
12,0.28,0.6,FALSE,1,0,20,6,1,19,blueBalloon.png,38,Jack,m,16,004,2021-05-21_11h38.56.193,bart,3.1.3,60
0,0.1,0,FALSE,1,0,20,4,1,19,blueBalloon.png,26,Jack,m,16,004,2021-05-21_11h38.56.193,bart,3.1.3,60
0,0.1,0,FALSE,1,0,20,19,1,19,blueBalloon.png,116,Jack,m,16,004,2021-05-21_11h38.56.193,bart,3.1.3,60
