nPumps,size,earnings,popped,trials.thisRepN,trials.thisTrialN,trials.thisN,trials.thisIndex,trials.ran,trials.order,imageFile,maxPumps,participant,gender (m/f),age,session,date,expName,psychopyVersion,frameRate,doneKey.keys,doneKey.rt
27,0.505,1.35,FALSE,1,0,20,5,1,19,blueBalloon.png,32,Jacob,m,18,004,2021-05-24_11h34.24.411,bart,3.1.3,60,,
30,0.55,1.5,FALSE,1,0,20,9,1,19,blueBalloon.png,56,Jacob,m,18,004,2021-05-24_11h34.24.411,bart,3.1.3,60,,
15,0.31,0,TRUE,1,0,20,2,1,19,blueBalloon.png,14,Jacob,m,18,004,2021-05-24_11h34.24.411,bart,3.1.3,60,,
3,0.13,0,TRUE,1,0,20,0,1,19,blueBalloon.png,2,Jacob,m,18,004,2021-05-24_11h34.24.411,bart,3.1.3,60,,
16,0.34,0.8,FALSE,1,0,20,15,1,19,blueBalloon.png,92,Jacob,m,18,004,2021-05-24_11h34.24.411,bart,3.1.3,60,,
6,0.19,0.3,FALSE,1,0,20,10,1,19,blueBalloon.png,62,Jacob,m,18,004,2021-05-24_11h34.24.411,bart,3.1.3,60,,
10,0.25,0.5,FALSE,1,0,20,7,1,19,blueBalloon.png,44,Jacob,m,18,004,2021-05-24_11h34.24.411,bart,3.1.3,60,,
11,0.265,0.55,FALSE,1,0,20,13,1,19,blueBalloon.png,80,Jacob,m,18,004,2021-05-24_11h34.24.411,bart,3.1.3,60,,
14,0.31,0.7,FALSE,1,0,20,11,1,19,blueBalloon.png,68,Jacob,m,18,004,2021-05-24_11h34.24.411,bart,3.1.3,60,,
5,0.175,0.25,FALSE,1,0,20,17,1,19,blueBalloon.png,104,Jacob,m,18,004,2021-05-24_11h34.24.411,bart,3.1.3,60,,
9,0.22,0,TRUE,1,0,20,1,1,19,blueBalloon.png,8,Jacob,m,18,004,2021-05-24_11h34.24.411,bart,3.1.3,60,,
5,0.175,0.25,FALSE,1,0,20,6,1,19,blueBalloon.png,38,Jacob,m,18,004,2021-05-24_11h34.24.411,bart,3.1.3,60,,
9,0.235,0.45,FALSE,1,0,20,4,1,19,blueBalloon.png,26,Jacob,m,18,004,2021-05-24_11h34.24.411,bart,3.1.3,60,,
8,0.22,0.4,FALSE,1,0,20,19,1,19,blueBalloon.png,116,Jacob,m,18,004,2021-05-24_11h34.24.411,bart,3.1.3,60,,
9,0.235,0.45,FALSE,1,0,20,18,1,19,blueBalloon.png,110,Jacob,m,18,004,2021-05-24_11h34.24.411,bart,3.1.3,60,,
5,0.175,0.25,FALSE,1,0,20,16,1,19,blueBalloon.png,98,Jacob,m,18,004,2021-05-24_11h34.24.411,bart,3.1.3,60,,
5,0.175,0.25,FALSE,1,0,20,8,1,19,blueBalloon.png,50,Jacob,m,18,004,2021-05-24_11h34.24.411,bart,3.1.3,60,,
9,0.235,0.45,FALSE,1,0,20,12,1,19,blueBalloon.png,74,Jacob,m,18,004,2021-05-24_11h34.24.411,bart,3.1.3,60,,
5,0.175,0.25,FALSE,1,0,20,3,1,19,blueBalloon.png,20,Jacob,m,18,004,2021-05-24_11h34.24.411,bart,3.1.3,60,,
3,0.145,0.15,FALSE,1,0,20,14,1,19,blueBalloon.png,86,Jacob,m,18,004,2021-05-24_11h34.24.411,bart,3.1.3,60,,
,,,,,,,,,,,,Jacob,m,18,004,2021-05-24_11h34.24.411,bart,3.1.3,60,space,0.351999998
