nPumps,size,earnings,popped,trials.thisRepN,trials.thisTrialN,trials.thisN,trials.thisIndex,trials.ran,trials.order,imageFile,maxPumps,participant,gender (m/f),age,session,date,expName,psychopyVersion,frameRate,doneKey.keys,doneKey.rt
30,0.55,1.5,FALSE,1,0,20,5,1,19,blueBalloon.png,32,Jacob,m,12,004,2021-05-21_12h16.46.575,bart,3.1.3,60,,
50,0.85,2.5,FALSE,1,0,20,9,1,19,blueBalloon.png,56,Jacob,m,12,004,2021-05-21_12h16.46.575,bart,3.1.3,60,,
15,0.31,0,TRUE,1,0,20,2,1,19,blueBalloon.png,14,Jacob,m,12,004,2021-05-21_12h16.46.575,bart,3.1.3,60,,
3,0.13,0,TRUE,1,0,20,0,1,19,blueBalloon.png,2,Jacob,m,12,004,2021-05-21_12h16.46.575,bart,3.1.3,60,,
26,0.49,1.3,FALSE,1,0,20,15,1,19,blueBalloon.png,92,Jacob,m,12,004,2021-05-21_12h16.46.575,bart,3.1.3,60,,
60,1,3,FALSE,1,0,20,10,1,19,blueBalloon.png,62,Jacob,m,12,004,2021-05-21_12h16.46.575,bart,3.1.3,60,,
45,0.76,0,TRUE,1,0,20,7,1,19,blueBalloon.png,44,Jacob,m,12,004,2021-05-21_12h16.46.575,bart,3.1.3,60,,
40,0.7,2,FALSE,1,0,20,13,1,19,blueBalloon.png,80,Jacob,m,12,004,2021-05-21_12h16.46.575,bart,3.1.3,60,,
43,0.745,2.15,FALSE,1,0,20,11,1,19,blueBalloon.png,68,Jacob,m,12,004,2021-05-21_12h16.46.575,bart,3.1.3,60,,
64,1.06,3.2,FALSE,1,0,20,17,1,19,blueBalloon.png,104,Jacob,m,12,004,2021-05-21_12h16.46.575,bart,3.1.3,60,,
9,0.22,0,TRUE,1,0,20,1,1,19,blueBalloon.png,8,Jacob,m,12,004,2021-05-21_12h16.46.575,bart,3.1.3,60,,
39,0.67,0,TRUE,1,0,20,6,1,19,blueBalloon.png,38,Jacob,m,12,004,2021-05-21_12h16.46.575,bart,3.1.3,60,,
27,0.49,0,TRUE,1,0,20,4,1,19,blueBalloon.png,26,Jacob,m,12,004,2021-05-21_12h16.46.575,bart,3.1.3,60,,
6,0.19,0.3,FALSE,1,0,20,19,1,19,blueBalloon.png,116,Jacob,m,12,004,2021-05-21_12h16.46.575,bart,3.1.3,60,,
40,0.7,2,FALSE,1,0,20,18,1,19,blueBalloon.png,110,Jacob,m,12,004,2021-05-21_12h16.46.575,bart,3.1.3,60,,
10,0.25,0.5,FALSE,1,0,20,16,1,19,blueBalloon.png,98,Jacob,m,12,004,2021-05-21_12h16.46.575,bart,3.1.3,60,,
33,0.595,1.65,FALSE,1,0,20,8,1,19,blueBalloon.png,50,Jacob,m,12,004,2021-05-21_12h16.46.575,bart,3.1.3,60,,
30,0.55,1.5,FALSE,1,0,20,12,1,19,blueBalloon.png,74,Jacob,m,12,004,2021-05-21_12h16.46.575,bart,3.1.3,60,,
21,0.4,0,TRUE,1,0,20,3,1,19,blueBalloon.png,20,Jacob,m,12,004,2021-05-21_12h16.46.575,bart,3.1.3,60,,
26,0.49,1.3,FALSE,1,0,20,14,1,19,blueBalloon.png,86,Jacob,m,12,004,2021-05-21_12h16.46.575,bart,3.1.3,60,,
,,,,,,,,,,,,Jacob,m,12,004,2021-05-21_12h16.46.575,bart,3.1.3,60,space,0.349999905
