nPumps,size,earnings,popped,trials.thisRepN,trials.thisTrialN,trials.thisN,trials.thisIndex,trials.ran,trials.order,imageFile,maxPumps,participant,gender (m/f),age,session,date,expName,psychopyVersion,frameRate,doneKey.keys,doneKey.rt
33,0.58,0,TRUE,1,0,20,5,1,19,blueBalloon.png,32,JohnP,m,16,004,2021-05-25_14h05.43.451,bart,3.1.3,60,,
32,0.58,1.6,FALSE,1,0,20,9,1,19,blueBalloon.png,56,JohnP,m,16,004,2021-05-25_14h05.43.451,bart,3.1.3,60,,
15,0.31,0,TRUE,1,0,20,2,1,19,blueBalloon.png,14,JohnP,m,16,004,2021-05-25_14h05.43.451,bart,3.1.3,60,,
3,0.13,0,TRUE,1,0,20,0,1,19,blueBalloon.png,2,JohnP,m,16,004,2021-05-25_14h05.43.451,bart,3.1.3,60,,
38,0.67,1.9,FALSE,1,0,20,15,1,19,blueBalloon.png,92,JohnP,m,16,004,2021-05-25_14h05.43.451,bart,3.1.3,60,,
47,0.805,2.35,FALSE,1,0,20,10,1,19,blueBalloon.png,62,JohnP,m,16,004,2021-05-25_14h05.43.451,bart,3.1.3,60,,
45,0.76,0,TRUE,1,0,20,7,1,19,blueBalloon.png,44,JohnP,m,16,004,2021-05-25_14h05.43.451,bart,3.1.3,60,,
30,0.55,1.5,FALSE,1,0,20,13,1,19,blueBalloon.png,80,JohnP,m,16,004,2021-05-25_14h05.43.451,bart,3.1.3,60,,
39,0.685,1.95,FALSE,1,0,20,11,1,19,blueBalloon.png,68,JohnP,m,16,004,2021-05-25_14h05.43.451,bart,3.1.3,60,,
47,0.805,2.35,FALSE,1,0,20,17,1,19,blueBalloon.png,104,JohnP,m,16,004,2021-05-25_14h05.43.451,bart,3.1.3,60,,
9,0.22,0,TRUE,1,0,20,1,1,19,blueBalloon.png,8,JohnP,m,16,004,2021-05-25_14h05.43.451,bart,3.1.3,60,,
39,0.67,0,TRUE,1,0,20,6,1,19,blueBalloon.png,38,JohnP,m,16,004,2021-05-25_14h05.43.451,bart,3.1.3,60,,
27,0.49,0,TRUE,1,0,20,4,1,19,blueBalloon.png,26,JohnP,m,16,004,2021-05-25_14h05.43.451,bart,3.1.3,60,,
52,0.88,2.6,FALSE,1,0,20,19,1,19,blueBalloon.png,116,JohnP,m,16,004,2021-05-25_14h05.43.451,bart,3.1.3,60,,
20,0.4,1,FALSE,1,0,20,18,1,19,blueBalloon.png,110,JohnP,m,16,004,2021-05-25_14h05.43.451,bart,3.1.3,60,,
54,0.91,2.7,FALSE,1,0,20,16,1,19,blueBalloon.png,98,JohnP,m,16,004,2021-05-25_14h05.43.451,bart,3.1.3,60,,
50,0.85,2.5,FALSE,1,0,20,8,1,19,blueBalloon.png,50,JohnP,m,16,004,2021-05-25_14h05.43.451,bart,3.1.3,60,,
58,0.97,2.9,FALSE,1,0,20,12,1,19,blueBalloon.png,74,JohnP,m,16,004,2021-05-25_14h05.43.451,bart,3.1.3,60,,
21,0.4,0,TRUE,1,0,20,3,1,19,blueBalloon.png,20,JohnP,m,16,004,2021-05-25_14h05.43.451,bart,3.1.3,60,,
43,0.745,2.15,FALSE,1,0,20,14,1,19,blueBalloon.png,86,JohnP,m,16,004,2021-05-25_14h05.43.451,bart,3.1.3,60,,
,,,,,,,,,,,,JohnP,m,16,004,2021-05-25_14h05.43.451,bart,3.1.3,60,space,0.089999914
