nPumps,size,earnings,popped,trials.thisRepN,trials.thisTrialN,trials.thisN,trials.thisIndex,trials.ran,trials.order,imageFile,maxPumps,participant,gender (m/f),age,session,date,expName,psychopyVersion,frameRate
27,0.505,1.35,FALSE,1,0,20,5,1,19,blueBalloon.png,32,Julia,Female,14,juliamsc1205,2021-05-12_11h35.33.767,bart,3.1.3,60
41,0.715,2.05,FALSE,1,0,20,9,1,19,blueBalloon.png,56,Julia,Female,14,juliamsc1205,2021-05-12_11h35.33.767,bart,3.1.3,60
15,0.31,0,TRUE,1,0,20,2,1,19,blueBalloon.png,14,Julia,Female,14,juliamsc1205,2021-05-12_11h35.33.767,bart,3.1.3,60
3,0.13,0,TRUE,1,0,20,0,1,19,blueBalloon.png,2,Julia,Female,14,juliamsc1205,2021-05-12_11h35.33.767,bart,3.1.3,60
10,0.25,0.5,FALSE,1,0,20,15,1,19,blueBalloon.png,92,Julia,Female,14,juliamsc1205,2021-05-12_11h35.33.767,bart,3.1.3,60
10,0.25,0.5,FALSE,1,0,20,10,1,19,blueBalloon.png,62,Julia,Female,14,juliamsc1205,2021-05-12_11h35.33.767,bart,3.1.3,60
10,0.25,0.5,FALSE,1,0,20,7,1,19,blueBalloon.png,44,Julia,Female,14,juliamsc1205,2021-05-12_11h35.33.767,bart,3.1.3,60
17,0.355,0.85,FALSE,1,0,20,13,1,19,blueBalloon.png,80,Julia,Female,14,juliamsc1205,2021-05-12_11h35.33.767,bart,3.1.3,60
22,0.43,1.1,FALSE,1,0,20,11,1,19,blueBalloon.png,68,Julia,Female,14,juliamsc1205,2021-05-12_11h35.33.767,bart,3.1.3,60
0,0.1,0,FALSE,1,0,20,17,1,19,blueBalloon.png,104,Julia,Female,14,juliamsc1205,2021-05-12_11h35.33.767,bart,3.1.3,60
9,0.22,0,TRUE,1,0,20,1,1,19,blueBalloon.png,8,Julia,Female,14,juliamsc1205,2021-05-12_11h35.33.767,bart,3.1.3,60
26,0.49,1.3,FALSE,1,0,20,6,1,19,blueBalloon.png,38,Julia,Female,14,juliamsc1205,2021-05-12_11h35.33.767,bart,3.1.3,60
27,0.49,0,TRUE,1,0,20,4,1,19,blueBalloon.png,26,Julia,Female,14,juliamsc1205,2021-05-12_11h35.33.767,bart,3.1.3,60
0,0.1,0,FALSE,1,0,20,19,1,19,blueBalloon.png,116,Julia,Female,14,juliamsc1205,2021-05-12_11h35.33.767,bart,3.1.3,60
38,0.67,1.9,FALSE,1,0,20,18,1,19,blueBalloon.png,110,Julia,Female,14,juliamsc1205,2021-05-12_11h35.33.767,bart,3.1.3,60
35,0.625,1.75,FALSE,1,0,20,16,1,19,blueBalloon.png,98,Julia,Female,14,juliamsc1205,2021-05-12_11h35.33.767,bart,3.1.3,60
