nPumps,size,earnings,popped,trials.thisRepN,trials.thisTrialN,trials.thisN,trials.thisIndex,trials.ran,trials.order,imageFile,maxPumps,participant,gender (m/f),age,session,date,expName,psychopyVersion,frameRate
33,0.58,0,TRUE,1,0,20,5,1,19,blueBalloon.png,32,Karine,,,004,2021-05-10_13h40.22.437,bart,3.1.3,60
27,0.505,1.35,FALSE,1,0,20,9,1,19,blueBalloon.png,56,Karine,,,004,2021-05-10_13h40.22.437,bart,3.1.3,60
15,0.31,0,TRUE,1,0,20,2,1,19,blueBalloon.png,14,Karine,,,004,2021-05-10_13h40.22.437,bart,3.1.3,60
3,0.13,0,TRUE,1,0,20,0,1,19,blueBalloon.png,2,Karine,,,004,2021-05-10_13h40.22.437,bart,3.1.3,60
20,0.4,1,FALSE,1,0,20,15,1,19,blueBalloon.png,92,Karine,,,004,2021-05-10_13h40.22.437,bart,3.1.3,60
