nPumps,size,earnings,popped,trials.thisRepN,trials.thisTrialN,trials.thisN,trials.thisIndex,trials.ran,trials.order,imageFile,maxPumps,participant,gender (m/f),age,session,date,expName,psychopyVersion,frameRate,doneKey.keys,doneKey.rt
18,0.37,0.9,FALSE,1,0,20,5,1,19,blueBalloon.png,32,KL,f,17,ErinsMScPupilB,2021-05-10_11h43.27.405,bart,3.1.3,60,,
26,0.49,1.3,FALSE,1,0,20,9,1,19,blueBalloon.png,56,KL,f,17,ErinsMScPupilB,2021-05-10_11h43.27.405,bart,3.1.3,60,,
15,0.31,0,TRUE,1,0,20,2,1,19,blueBalloon.png,14,KL,f,17,ErinsMScPupilB,2021-05-10_11h43.27.405,bart,3.1.3,60,,
3,0.13,0,TRUE,1,0,20,0,1,19,blueBalloon.png,2,KL,f,17,ErinsMScPupilB,2021-05-10_11h43.27.405,bart,3.1.3,60,,
18,0.37,0.9,FALSE,1,0,20,15,1,19,blueBalloon.png,92,KL,f,17,ErinsMScPupilB,2021-05-10_11h43.27.405,bart,3.1.3,60,,
12,0.28,0.6,FALSE,1,0,20,10,1,19,blueBalloon.png,62,KL,f,17,ErinsMScPupilB,2021-05-10_11h43.27.405,bart,3.1.3,60,,
17,0.355,0.85,FALSE,1,0,20,7,1,19,blueBalloon.png,44,KL,f,17,ErinsMScPupilB,2021-05-10_11h43.27.405,bart,3.1.3,60,,
20,0.4,1,FALSE,1,0,20,13,1,19,blueBalloon.png,80,KL,f,17,ErinsMScPupilB,2021-05-10_11h43.27.405,bart,3.1.3,60,,
23,0.445,1.15,FALSE,1,0,20,11,1,19,blueBalloon.png,68,KL,f,17,ErinsMScPupilB,2021-05-10_11h43.27.405,bart,3.1.3,60,,
20,0.4,1,FALSE,1,0,20,17,1,19,blueBalloon.png,104,KL,f,17,ErinsMScPupilB,2021-05-10_11h43.27.405,bart,3.1.3,60,,
9,0.22,0,TRUE,1,0,20,1,1,19,blueBalloon.png,8,KL,f,17,ErinsMScPupilB,2021-05-10_11h43.27.405,bart,3.1.3,60,,
6,0.19,0.3,FALSE,1,0,20,6,1,19,blueBalloon.png,38,KL,f,17,ErinsMScPupilB,2021-05-10_11h43.27.405,bart,3.1.3,60,,
18,0.37,0.9,FALSE,1,0,20,4,1,19,blueBalloon.png,26,KL,f,17,ErinsMScPupilB,2021-05-10_11h43.27.405,bart,3.1.3,60,,
20,0.4,1,FALSE,1,0,20,19,1,19,blueBalloon.png,116,KL,f,17,ErinsMScPupilB,2021-05-10_11h43.27.405,bart,3.1.3,60,,
16,0.34,0.8,FALSE,1,0,20,18,1,19,blueBalloon.png,110,KL,f,17,ErinsMScPupilB,2021-05-10_11h43.27.405,bart,3.1.3,60,,
20,0.4,1,FALSE,1,0,20,16,1,19,blueBalloon.png,98,KL,f,17,ErinsMScPupilB,2021-05-10_11h43.27.405,bart,3.1.3,60,,
18,0.37,0.9,FALSE,1,0,20,8,1,19,blueBalloon.png,50,KL,f,17,ErinsMScPupilB,2021-05-10_11h43.27.405,bart,3.1.3,60,,
20,0.4,1,FALSE,1,0,20,12,1,19,blueBalloon.png,74,KL,f,17,ErinsMScPupilB,2021-05-10_11h43.27.405,bart,3.1.3,60,,
20,0.4,1,FALSE,1,0,20,3,1,19,blueBalloon.png,20,KL,f,17,ErinsMScPupilB,2021-05-10_11h43.27.405,bart,3.1.3,60,,
20,0.4,1,FALSE,1,0,20,14,1,19,blueBalloon.png,86,KL,f,17,ErinsMScPupilB,2021-05-10_11h43.27.405,bart,3.1.3,60,,
,,,,,,,,,,,,KL,f,17,ErinsMScPupilB,2021-05-10_11h43.27.405,bart,3.1.3,60,return,23.43400002
