nPumps,size,earnings,popped,trials.thisRepN,trials.thisTrialN,trials.thisN,trials.thisIndex,trials.ran,trials.order,imageFile,maxPumps,participant,gender (m/f),age,session,date,expName,psychopyVersion,frameRate,doneKey.keys,doneKey.rt
33,0.58,0,TRUE,1,0,20,5,1,19,blueBalloon.png,32,Lauren G,f,17,004,2021-05-18_14h01.47.713,bart,3.1.3,60,,
31,0.565,1.55,FALSE,1,0,20,9,1,19,blueBalloon.png,56,Lauren G,f,17,004,2021-05-18_14h01.47.713,bart,3.1.3,60,,
15,0.31,0,TRUE,1,0,20,2,1,19,blueBalloon.png,14,Lauren G,f,17,004,2021-05-18_14h01.47.713,bart,3.1.3,60,,
3,0.13,0,TRUE,1,0,20,0,1,19,blueBalloon.png,2,Lauren G,f,17,004,2021-05-18_14h01.47.713,bart,3.1.3,60,,
26,0.49,1.3,FALSE,1,0,20,15,1,19,blueBalloon.png,92,Lauren G,f,17,004,2021-05-18_14h01.47.713,bart,3.1.3,60,,
30,0.55,1.5,FALSE,1,0,20,10,1,19,blueBalloon.png,62,Lauren G,f,17,004,2021-05-18_14h01.47.713,bart,3.1.3,60,,
32,0.58,1.6,FALSE,1,0,20,7,1,19,blueBalloon.png,44,Lauren G,f,17,004,2021-05-18_14h01.47.713,bart,3.1.3,60,,
41,0.715,2.05,FALSE,1,0,20,13,1,19,blueBalloon.png,80,Lauren G,f,17,004,2021-05-18_14h01.47.713,bart,3.1.3,60,,
50,0.85,2.5,FALSE,1,0,20,11,1,19,blueBalloon.png,68,Lauren G,f,17,004,2021-05-18_14h01.47.713,bart,3.1.3,60,,
60,1,3,FALSE,1,0,20,17,1,19,blueBalloon.png,104,Lauren G,f,17,004,2021-05-18_14h01.47.713,bart,3.1.3,60,,
9,0.22,0,TRUE,1,0,20,1,1,19,blueBalloon.png,8,Lauren G,f,17,004,2021-05-18_14h01.47.713,bart,3.1.3,60,,
39,0.67,0,TRUE,1,0,20,6,1,19,blueBalloon.png,38,Lauren G,f,17,004,2021-05-18_14h01.47.713,bart,3.1.3,60,,
27,0.49,0,TRUE,1,0,20,4,1,19,blueBalloon.png,26,Lauren G,f,17,004,2021-05-18_14h01.47.713,bart,3.1.3,60,,
40,0.7,2,FALSE,1,0,20,19,1,19,blueBalloon.png,116,Lauren G,f,17,004,2021-05-18_14h01.47.713,bart,3.1.3,60,,
68,1.12,3.4,FALSE,1,0,20,18,1,19,blueBalloon.png,110,Lauren G,f,17,004,2021-05-18_14h01.47.713,bart,3.1.3,60,,
71,1.165,3.55,FALSE,1,0,20,16,1,19,blueBalloon.png,98,Lauren G,f,17,004,2021-05-18_14h01.47.713,bart,3.1.3,60,,
51,0.85,0,TRUE,1,0,20,8,1,19,blueBalloon.png,50,Lauren G,f,17,004,2021-05-18_14h01.47.713,bart,3.1.3,60,,
53,0.895,2.65,FALSE,1,0,20,12,1,19,blueBalloon.png,74,Lauren G,f,17,004,2021-05-18_14h01.47.713,bart,3.1.3,60,,
21,0.4,0,TRUE,1,0,20,3,1,19,blueBalloon.png,20,Lauren G,f,17,004,2021-05-18_14h01.47.713,bart,3.1.3,60,,
17,0.355,0.85,FALSE,1,0,20,14,1,19,blueBalloon.png,86,Lauren G,f,17,004,2021-05-18_14h01.47.713,bart,3.1.3,60,,
,,,,,,,,,,,,Lauren G,f,17,004,2021-05-18_14h01.47.713,bart,3.1.3,60,return,103.6159999
