nPumps,size,earnings,popped,trials.thisRepN,trials.thisTrialN,trials.thisN,trials.thisIndex,trials.ran,trials.order,imageFile,maxPumps,participant,gender (m/f),age,session,date,expName,psychopyVersion,frameRate
33,0.58,0,TRUE,1,0,20,5,1,19,blueBalloon.png,32,Liam Cassels,m,16,004,2021-05-17_12h18.00.673,bart,3.1.3,60
24,0.46,1.2,FALSE,1,0,20,9,1,19,blueBalloon.png,56,Liam Cassels,m,16,004,2021-05-17_12h18.00.673,bart,3.1.3,60
15,0.31,0,TRUE,1,0,20,2,1,19,blueBalloon.png,14,Liam Cassels,m,16,004,2021-05-17_12h18.00.673,bart,3.1.3,60
3,0.13,0,TRUE,1,0,20,0,1,19,blueBalloon.png,2,Liam Cassels,m,16,004,2021-05-17_12h18.00.673,bart,3.1.3,60
28,0.52,1.4,FALSE,1,0,20,15,1,19,blueBalloon.png,92,Liam Cassels,m,16,004,2021-05-17_12h18.00.673,bart,3.1.3,60
33,0.595,1.65,FALSE,1,0,20,10,1,19,blueBalloon.png,62,Liam Cassels,m,16,004,2021-05-17_12h18.00.673,bart,3.1.3,60
40,0.7,2,FALSE,1,0,20,7,1,19,blueBalloon.png,44,Liam Cassels,m,16,004,2021-05-17_12h18.00.673,bart,3.1.3,60
35,0.625,1.75,FALSE,1,0,20,13,1,19,blueBalloon.png,80,Liam Cassels,m,16,004,2021-05-17_12h18.00.673,bart,3.1.3,60
33,0.595,1.65,FALSE,1,0,20,11,1,19,blueBalloon.png,68,Liam Cassels,m,16,004,2021-05-17_12h18.00.673,bart,3.1.3,60
98,1.57,4.9,FALSE,1,0,20,17,1,19,blueBalloon.png,104,Liam Cassels,m,16,004,2021-05-17_12h18.00.673,bart,3.1.3,60
9,0.22,0,TRUE,1,0,20,1,1,19,blueBalloon.png,8,Liam Cassels,m,16,004,2021-05-17_12h18.00.673,bart,3.1.3,60
38,0.67,1.9,FALSE,1,0,20,6,1,19,blueBalloon.png,38,Liam Cassels,m,16,004,2021-05-17_12h18.00.673,bart,3.1.3,60
27,0.49,0,TRUE,1,0,20,4,1,19,blueBalloon.png,26,Liam Cassels,m,16,004,2021-05-17_12h18.00.673,bart,3.1.3,60
20,0.4,1,FALSE,1,0,20,19,1,19,blueBalloon.png,116,Liam Cassels,m,16,004,2021-05-17_12h18.00.673,bart,3.1.3,60
21,0.415,1.05,FALSE,1,0,20,18,1,19,blueBalloon.png,110,Liam Cassels,m,16,004,2021-05-17_12h18.00.673,bart,3.1.3,60
22,0.43,1.1,FALSE,1,0,20,16,1,19,blueBalloon.png,98,Liam Cassels,m,16,004,2021-05-17_12h18.00.673,bart,3.1.3,60
21,0.415,1.05,FALSE,1,0,20,8,1,19,blueBalloon.png,50,Liam Cassels,m,16,004,2021-05-17_12h18.00.673,bart,3.1.3,60
21,0.415,1.05,FALSE,1,0,20,12,1,19,blueBalloon.png,74,Liam Cassels,m,16,004,2021-05-17_12h18.00.673,bart,3.1.3,60
21,0.4,0,TRUE,1,0,20,3,1,19,blueBalloon.png,20,Liam Cassels,m,16,004,2021-05-17_12h18.00.673,bart,3.1.3,60
21,0.415,1.05,FALSE,1,0,20,14,1,19,blueBalloon.png,86,Liam Cassels,m,16,004,2021-05-17_12h18.00.673,bart,3.1.3,60
