nPumps,size,earnings,popped,trials.thisRepN,trials.thisTrialN,trials.thisN,trials.thisIndex,trials.ran,trials.order,imageFile,maxPumps,participant,gender (m/f),age,session,date,expName,psychopyVersion,frameRate
18,0.37,0.9,FALSE,1,0,20,5,1,19,blueBalloon.png,32,Lidia,F,30,004,2021-04-15_19h00.17.459,bart,3.1.3,60
24,0.46,1.2,FALSE,1,0,20,9,1,19,blueBalloon.png,56,Lidia,F,30,004,2021-04-15_19h00.17.459,bart,3.1.3,60
15,0.31,0,TRUE,1,0,20,2,1,19,blueBalloon.png,14,Lidia,F,30,004,2021-04-15_19h00.17.459,bart,3.1.3,60
3,0.13,0,TRUE,1,0,20,0,1,19,blueBalloon.png,2,Lidia,F,30,004,2021-04-15_19h00.17.459,bart,3.1.3,60
12,0.28,0.6,FALSE,1,0,20,15,1,19,blueBalloon.png,92,Lidia,F,30,004,2021-04-15_19h00.17.459,bart,3.1.3,60
15,0.325,0.75,FALSE,1,0,20,10,1,19,blueBalloon.png,62,Lidia,F,30,004,2021-04-15_19h00.17.459,bart,3.1.3,60
24,0.46,1.2,FALSE,1,0,20,7,1,19,blueBalloon.png,44,Lidia,F,30,004,2021-04-15_19h00.17.459,bart,3.1.3,60
20,0.4,1,FALSE,1,0,20,13,1,19,blueBalloon.png,80,Lidia,F,30,004,2021-04-15_19h00.17.459,bart,3.1.3,60
22,0.43,1.1,FALSE,1,0,20,11,1,19,blueBalloon.png,68,Lidia,F,30,004,2021-04-15_19h00.17.459,bart,3.1.3,60
24,0.46,1.2,FALSE,1,0,20,17,1,19,blueBalloon.png,104,Lidia,F,30,004,2021-04-15_19h00.17.459,bart,3.1.3,60
9,0.22,0,TRUE,1,0,20,1,1,19,blueBalloon.png,8,Lidia,F,30,004,2021-04-15_19h00.17.459,bart,3.1.3,60
28,0.52,1.4,FALSE,1,0,20,6,1,19,blueBalloon.png,38,Lidia,F,30,004,2021-04-15_19h00.17.459,bart,3.1.3,60
21,0.415,1.05,FALSE,1,0,20,4,1,19,blueBalloon.png,26,Lidia,F,30,004,2021-04-15_19h00.17.459,bart,3.1.3,60
24,0.46,1.2,FALSE,1,0,20,19,1,19,blueBalloon.png,116,Lidia,F,30,004,2021-04-15_19h00.17.459,bart,3.1.3,60
68,1.12,3.4,FALSE,1,0,20,18,1,19,blueBalloon.png,110,Lidia,F,30,004,2021-04-15_19h00.17.459,bart,3.1.3,60
71,1.165,3.55,FALSE,1,0,20,16,1,19,blueBalloon.png,98,Lidia,F,30,004,2021-04-15_19h00.17.459,bart,3.1.3,60
0,0.1,0,FALSE,1,0,20,8,1,19,blueBalloon.png,50,Lidia,F,30,004,2021-04-15_19h00.17.459,bart,3.1.3,60
0,0.1,0,FALSE,1,0,20,12,1,19,blueBalloon.png,74,Lidia,F,30,004,2021-04-15_19h00.17.459,bart,3.1.3,60
0,0.1,0,FALSE,1,0,20,3,1,19,blueBalloon.png,20,Lidia,F,30,004,2021-04-15_19h00.17.459,bart,3.1.3,60
