nPumps,size,earnings,popped,trials.thisRepN,trials.thisTrialN,trials.thisN,trials.thisIndex,trials.ran,trials.order,imageFile,maxPumps,participant,gender (m/f),age,session,date,expName,psychopyVersion,frameRate,doneKey.keys,doneKey.rt
33,0.58,0,TRUE,1,0,20,5,1,19,blueBalloon.png,32,Lindsay,f,36,ErinMscLindsay120521,2021-05-12_10h42.14.806,bart,3.1.3,60,,
29,0.535,1.45,FALSE,1,0,20,9,1,19,blueBalloon.png,56,Lindsay,f,36,ErinMscLindsay120521,2021-05-12_10h42.14.806,bart,3.1.3,60,,
15,0.31,0,TRUE,1,0,20,2,1,19,blueBalloon.png,14,Lindsay,f,36,ErinMscLindsay120521,2021-05-12_10h42.14.806,bart,3.1.3,60,,
3,0.13,0,TRUE,1,0,20,0,1,19,blueBalloon.png,2,Lindsay,f,36,ErinMscLindsay120521,2021-05-12_10h42.14.806,bart,3.1.3,60,,
29,0.535,1.45,FALSE,1,0,20,15,1,19,blueBalloon.png,92,Lindsay,f,36,ErinMscLindsay120521,2021-05-12_10h42.14.806,bart,3.1.3,60,,
36,0.64,1.8,FALSE,1,0,20,10,1,19,blueBalloon.png,62,Lindsay,f,36,ErinMscLindsay120521,2021-05-12_10h42.14.806,bart,3.1.3,60,,
45,0.76,0,TRUE,1,0,20,7,1,19,blueBalloon.png,44,Lindsay,f,36,ErinMscLindsay120521,2021-05-12_10h42.14.806,bart,3.1.3,60,,
40,0.7,2,FALSE,1,0,20,13,1,19,blueBalloon.png,80,Lindsay,f,36,ErinMscLindsay120521,2021-05-12_10h42.14.806,bart,3.1.3,60,,
44,0.76,2.2,FALSE,1,0,20,11,1,19,blueBalloon.png,68,Lindsay,f,36,ErinMscLindsay120521,2021-05-12_10h42.14.806,bart,3.1.3,60,,
44,0.76,2.2,FALSE,1,0,20,17,1,19,blueBalloon.png,104,Lindsay,f,36,ErinMscLindsay120521,2021-05-12_10h42.14.806,bart,3.1.3,60,,
9,0.22,0,TRUE,1,0,20,1,1,19,blueBalloon.png,8,Lindsay,f,36,ErinMscLindsay120521,2021-05-12_10h42.14.806,bart,3.1.3,60,,
39,0.67,0,TRUE,1,0,20,6,1,19,blueBalloon.png,38,Lindsay,f,36,ErinMscLindsay120521,2021-05-12_10h42.14.806,bart,3.1.3,60,,
27,0.49,0,TRUE,1,0,20,4,1,19,blueBalloon.png,26,Lindsay,f,36,ErinMscLindsay120521,2021-05-12_10h42.14.806,bart,3.1.3,60,,
43,0.745,2.15,FALSE,1,0,20,19,1,19,blueBalloon.png,116,Lindsay,f,36,ErinMscLindsay120521,2021-05-12_10h42.14.806,bart,3.1.3,60,,
48,0.82,2.4,FALSE,1,0,20,18,1,19,blueBalloon.png,110,Lindsay,f,36,ErinMscLindsay120521,2021-05-12_10h42.14.806,bart,3.1.3,60,,
60,1,3,FALSE,1,0,20,16,1,19,blueBalloon.png,98,Lindsay,f,36,ErinMscLindsay120521,2021-05-12_10h42.14.806,bart,3.1.3,60,,
51,0.85,0,TRUE,1,0,20,8,1,19,blueBalloon.png,50,Lindsay,f,36,ErinMscLindsay120521,2021-05-12_10h42.14.806,bart,3.1.3,60,,
57,0.955,2.85,FALSE,1,0,20,12,1,19,blueBalloon.png,74,Lindsay,f,36,ErinMscLindsay120521,2021-05-12_10h42.14.806,bart,3.1.3,60,,
21,0.4,0,TRUE,1,0,20,3,1,19,blueBalloon.png,20,Lindsay,f,36,ErinMscLindsay120521,2021-05-12_10h42.14.806,bart,3.1.3,60,,
64,1.06,3.2,FALSE,1,0,20,14,1,19,blueBalloon.png,86,Lindsay,f,36,ErinMscLindsay120521,2021-05-12_10h42.14.806,bart,3.1.3,60,,
,,,,,,,,,,,,Lindsay,f,36,ErinMscLindsay120521,2021-05-12_10h42.14.806,bart,3.1.3,60,return,7.640000105
