nPumps,size,earnings,popped,trials.thisRepN,trials.thisTrialN,trials.thisN,trials.thisIndex,trials.ran,trials.order,imageFile,maxPumps,participant,gender (m/f),age,session,date,expName,psychopyVersion,frameRate,doneKey.keys,doneKey.rt
8,0.22,0.4,FALSE,1,0,20,5,1,19,blueBalloon.png,32,Matthew,m,16,004,2021-05-27_11h38.38.801,bart,3.1.3,60,,
10,0.25,0.5,FALSE,1,0,20,9,1,19,blueBalloon.png,56,Matthew,m,16,004,2021-05-27_11h38.38.801,bart,3.1.3,60,,
15,0.31,0,TRUE,1,0,20,2,1,19,blueBalloon.png,14,Matthew,m,16,004,2021-05-27_11h38.38.801,bart,3.1.3,60,,
3,0.13,0,TRUE,1,0,20,0,1,19,blueBalloon.png,2,Matthew,m,16,004,2021-05-27_11h38.38.801,bart,3.1.3,60,,
6,0.19,0.3,FALSE,1,0,20,15,1,19,blueBalloon.png,92,Matthew,m,16,004,2021-05-27_11h38.38.801,bart,3.1.3,60,,
10,0.25,0.5,FALSE,1,0,20,10,1,19,blueBalloon.png,62,Matthew,m,16,004,2021-05-27_11h38.38.801,bart,3.1.3,60,,
10,0.25,0.5,FALSE,1,0,20,7,1,19,blueBalloon.png,44,Matthew,m,16,004,2021-05-27_11h38.38.801,bart,3.1.3,60,,
10,0.25,0.5,FALSE,1,0,20,13,1,19,blueBalloon.png,80,Matthew,m,16,004,2021-05-27_11h38.38.801,bart,3.1.3,60,,
10,0.25,0.5,FALSE,1,0,20,11,1,19,blueBalloon.png,68,Matthew,m,16,004,2021-05-27_11h38.38.801,bart,3.1.3,60,,
10,0.25,0.5,FALSE,1,0,20,17,1,19,blueBalloon.png,104,Matthew,m,16,004,2021-05-27_11h38.38.801,bart,3.1.3,60,,
9,0.22,0,TRUE,1,0,20,1,1,19,blueBalloon.png,8,Matthew,m,16,004,2021-05-27_11h38.38.801,bart,3.1.3,60,,
10,0.25,0.5,FALSE,1,0,20,6,1,19,blueBalloon.png,38,Matthew,m,16,004,2021-05-27_11h38.38.801,bart,3.1.3,60,,
10,0.25,0.5,FALSE,1,0,20,4,1,19,blueBalloon.png,26,Matthew,m,16,004,2021-05-27_11h38.38.801,bart,3.1.3,60,,
10,0.25,0.5,FALSE,1,0,20,19,1,19,blueBalloon.png,116,Matthew,m,16,004,2021-05-27_11h38.38.801,bart,3.1.3,60,,
10,0.25,0.5,FALSE,1,0,20,18,1,19,blueBalloon.png,110,Matthew,m,16,004,2021-05-27_11h38.38.801,bart,3.1.3,60,,
10,0.25,0.5,FALSE,1,0,20,16,1,19,blueBalloon.png,98,Matthew,m,16,004,2021-05-27_11h38.38.801,bart,3.1.3,60,,
10,0.25,0.5,FALSE,1,0,20,8,1,19,blueBalloon.png,50,Matthew,m,16,004,2021-05-27_11h38.38.801,bart,3.1.3,60,,
10,0.25,0.5,FALSE,1,0,20,12,1,19,blueBalloon.png,74,Matthew,m,16,004,2021-05-27_11h38.38.801,bart,3.1.3,60,,
10,0.25,0.5,FALSE,1,0,20,3,1,19,blueBalloon.png,20,Matthew,m,16,004,2021-05-27_11h38.38.801,bart,3.1.3,60,,
11,0.265,0.55,FALSE,1,0,20,14,1,19,blueBalloon.png,86,Matthew,m,16,004,2021-05-27_11h38.38.801,bart,3.1.3,60,,
,,,,,,,,,,,,Matthew,m,16,004,2021-05-27_11h38.38.801,bart,3.1.3,60,space,0.549999952
