nPumps,size,earnings,popped,trials.thisRepN,trials.thisTrialN,trials.thisN,trials.thisIndex,trials.ran,trials.order,imageFile,maxPumps,participant,gender (m/f),age,session,date,expName,psychopyVersion,frameRate
33,0.58,0,TRUE,1,0,20,5,1,19,blueBalloon.png,32,Matthew Fitzgerald,male,18,ErinsMScScot24May,2021-05-24_11h39.53.229,bart,3.1.3,60
25,0.475,1.25,FALSE,1,0,20,9,1,19,blueBalloon.png,56,Matthew Fitzgerald,male,18,ErinsMScScot24May,2021-05-24_11h39.53.229,bart,3.1.3,60
15,0.31,0,TRUE,1,0,20,2,1,19,blueBalloon.png,14,Matthew Fitzgerald,male,18,ErinsMScScot24May,2021-05-24_11h39.53.229,bart,3.1.3,60
3,0.13,0,TRUE,1,0,20,0,1,19,blueBalloon.png,2,Matthew Fitzgerald,male,18,ErinsMScScot24May,2021-05-24_11h39.53.229,bart,3.1.3,60
12,0.28,0.6,FALSE,1,0,20,15,1,19,blueBalloon.png,92,Matthew Fitzgerald,male,18,ErinsMScScot24May,2021-05-24_11h39.53.229,bart,3.1.3,60
14,0.31,0.7,FALSE,1,0,20,10,1,19,blueBalloon.png,62,Matthew Fitzgerald,male,18,ErinsMScScot24May,2021-05-24_11h39.53.229,bart,3.1.3,60
15,0.325,0.75,FALSE,1,0,20,7,1,19,blueBalloon.png,44,Matthew Fitzgerald,male,18,ErinsMScScot24May,2021-05-24_11h39.53.229,bart,3.1.3,60
20,0.4,1,FALSE,1,0,20,13,1,19,blueBalloon.png,80,Matthew Fitzgerald,male,18,ErinsMScScot24May,2021-05-24_11h39.53.229,bart,3.1.3,60
