nPumps,size,earnings,popped,trials.thisRepN,trials.thisTrialN,trials.thisN,trials.thisIndex,trials.ran,trials.order,imageFile,maxPumps,participant,gender (m/f),age,session,date,expName,psychopyVersion,frameRate,doneKey.keys,doneKey.rt
24,0.46,1.2,FALSE,1,0,20,5,1,19,blueBalloon.png,32,Matthew,m,16,004,2021-05-26_10h38.01.344,bart,3.1.3,60,,
29,0.535,1.45,FALSE,1,0,20,9,1,19,blueBalloon.png,56,Matthew,m,16,004,2021-05-26_10h38.01.344,bart,3.1.3,60,,
15,0.31,0,TRUE,1,0,20,2,1,19,blueBalloon.png,14,Matthew,m,16,004,2021-05-26_10h38.01.344,bart,3.1.3,60,,
3,0.13,0,TRUE,1,0,20,0,1,19,blueBalloon.png,2,Matthew,m,16,004,2021-05-26_10h38.01.344,bart,3.1.3,60,,
3,0.145,0.15,FALSE,1,0,20,15,1,19,blueBalloon.png,92,Matthew,m,16,004,2021-05-26_10h38.01.344,bart,3.1.3,60,,
3,0.145,0.15,FALSE,1,0,20,10,1,19,blueBalloon.png,62,Matthew,m,16,004,2021-05-26_10h38.01.344,bart,3.1.3,60,,
4,0.16,0.2,FALSE,1,0,20,7,1,19,blueBalloon.png,44,Matthew,m,16,004,2021-05-26_10h38.01.344,bart,3.1.3,60,,
6,0.19,0.3,FALSE,1,0,20,13,1,19,blueBalloon.png,80,Matthew,m,16,004,2021-05-26_10h38.01.344,bart,3.1.3,60,,
16,0.34,0.8,FALSE,1,0,20,11,1,19,blueBalloon.png,68,Matthew,m,16,004,2021-05-26_10h38.01.344,bart,3.1.3,60,,
12,0.28,0.6,FALSE,1,0,20,17,1,19,blueBalloon.png,104,Matthew,m,16,004,2021-05-26_10h38.01.344,bart,3.1.3,60,,
9,0.22,0,TRUE,1,0,20,1,1,19,blueBalloon.png,8,Matthew,m,16,004,2021-05-26_10h38.01.344,bart,3.1.3,60,,
11,0.265,0.55,FALSE,1,0,20,6,1,19,blueBalloon.png,38,Matthew,m,16,004,2021-05-26_10h38.01.344,bart,3.1.3,60,,
15,0.325,0.75,FALSE,1,0,20,4,1,19,blueBalloon.png,26,Matthew,m,16,004,2021-05-26_10h38.01.344,bart,3.1.3,60,,
19,0.385,0.95,FALSE,1,0,20,19,1,19,blueBalloon.png,116,Matthew,m,16,004,2021-05-26_10h38.01.344,bart,3.1.3,60,,
27,0.505,1.35,FALSE,1,0,20,18,1,19,blueBalloon.png,110,Matthew,m,16,004,2021-05-26_10h38.01.344,bart,3.1.3,60,,
24,0.46,1.2,FALSE,1,0,20,16,1,19,blueBalloon.png,98,Matthew,m,16,004,2021-05-26_10h38.01.344,bart,3.1.3,60,,
22,0.43,1.1,FALSE,1,0,20,8,1,19,blueBalloon.png,50,Matthew,m,16,004,2021-05-26_10h38.01.344,bart,3.1.3,60,,
25,0.475,1.25,FALSE,1,0,20,12,1,19,blueBalloon.png,74,Matthew,m,16,004,2021-05-26_10h38.01.344,bart,3.1.3,60,,
21,0.4,0,TRUE,1,0,20,3,1,19,blueBalloon.png,20,Matthew,m,16,004,2021-05-26_10h38.01.344,bart,3.1.3,60,,
17,0.355,0.85,FALSE,1,0,20,14,1,19,blueBalloon.png,86,Matthew,m,16,004,2021-05-26_10h38.01.344,bart,3.1.3,60,,
,,,,,,,,,,,,Matthew,m,16,004,2021-05-26_10h38.01.344,bart,3.1.3,60,space,0.001999855
