nPumps,size,earnings,popped,trials.thisRepN,trials.thisTrialN,trials.thisN,trials.thisIndex,trials.ran,trials.order,imageFile,maxPumps,participant,gender (m/f),age,session,date,expName,psychopyVersion,frameRate
33,0.58,0,TRUE,1,0,20,5,1,19,blueBalloon.png,32,Menno,M,31,004,2021-01-26_14h49.15.477,bart,3.1.3,60
23,0.445,1.15,FALSE,1,0,20,9,1,19,blueBalloon.png,56,Menno,M,31,004,2021-01-26_14h49.15.477,bart,3.1.3,60
15,0.31,0,TRUE,1,0,20,2,1,19,blueBalloon.png,14,Menno,M,31,004,2021-01-26_14h49.15.477,bart,3.1.3,60
3,0.13,0,TRUE,1,0,20,0,1,19,blueBalloon.png,2,Menno,M,31,004,2021-01-26_14h49.15.477,bart,3.1.3,60
14,0.31,0.7,FALSE,1,0,20,15,1,19,blueBalloon.png,92,Menno,M,31,004,2021-01-26_14h49.15.477,bart,3.1.3,60
32,0.58,1.6,FALSE,1,0,20,10,1,19,blueBalloon.png,62,Menno,M,31,004,2021-01-26_14h49.15.477,bart,3.1.3,60
26,0.49,1.3,FALSE,1,0,20,7,1,19,blueBalloon.png,44,Menno,M,31,004,2021-01-26_14h49.15.477,bart,3.1.3,60
