nPumps,size,earnings,popped,trials.thisRepN,trials.thisTrialN,trials.thisN,trials.thisIndex,trials.ran,trials.order,imageFile,maxPumps,participant,gender (m/f),age,session,date,expName,psychopyVersion,frameRate
16,0.34,0.8,FALSE,1,0,20,5,1,19,blueBalloon.png,32,Mia,f,13,004,2021-05-27_12h34.53.935,bart,3.1.3,60
14,0.31,0.7,FALSE,1,0,20,9,1,19,blueBalloon.png,56,Mia,f,13,004,2021-05-27_12h34.53.935,bart,3.1.3,60
15,0.31,0,TRUE,1,0,20,2,1,19,blueBalloon.png,14,Mia,f,13,004,2021-05-27_12h34.53.935,bart,3.1.3,60
3,0.13,0,TRUE,1,0,20,0,1,19,blueBalloon.png,2,Mia,f,13,004,2021-05-27_12h34.53.935,bart,3.1.3,60
16,0.34,0.8,FALSE,1,0,20,15,1,19,blueBalloon.png,92,Mia,f,13,004,2021-05-27_12h34.53.935,bart,3.1.3,60
20,0.4,1,FALSE,1,0,20,10,1,19,blueBalloon.png,62,Mia,f,13,004,2021-05-27_12h34.53.935,bart,3.1.3,60
11,0.265,0.55,FALSE,1,0,20,7,1,19,blueBalloon.png,44,Mia,f,13,004,2021-05-27_12h34.53.935,bart,3.1.3,60
20,0.4,1,FALSE,1,0,20,13,1,19,blueBalloon.png,80,Mia,f,13,004,2021-05-27_12h34.53.935,bart,3.1.3,60
17,0.355,0.85,FALSE,1,0,20,11,1,19,blueBalloon.png,68,Mia,f,13,004,2021-05-27_12h34.53.935,bart,3.1.3,60
24,0.46,1.2,FALSE,1,0,20,17,1,19,blueBalloon.png,104,Mia,f,13,004,2021-05-27_12h34.53.935,bart,3.1.3,60
9,0.22,0,TRUE,1,0,20,1,1,19,blueBalloon.png,8,Mia,f,13,004,2021-05-27_12h34.53.935,bart,3.1.3,60
16,0.34,0.8,FALSE,1,0,20,6,1,19,blueBalloon.png,38,Mia,f,13,004,2021-05-27_12h34.53.935,bart,3.1.3,60
