nPumps,size,earnings,popped,trials.thisRepN,trials.thisTrialN,trials.thisN,trials.thisIndex,trials.ran,trials.order,imageFile,maxPumps,participant,gender (m/f),age,session,date,expName,psychopyVersion,frameRate,doneKey.keys,doneKey.rt
0,0.1,0,FALSE,1,0,20,5,1,19,blueBalloon.png,32,MSc Pupil 101,f,17,101,2021-05-06_17h32.51.624,bart,3.1.3,60,,
41,0.715,2.05,FALSE,1,0,20,9,1,19,blueBalloon.png,56,MSc Pupil 101,f,17,101,2021-05-06_17h32.51.624,bart,3.1.3,60,,
15,0.31,0,TRUE,1,0,20,2,1,19,blueBalloon.png,14,MSc Pupil 101,f,17,101,2021-05-06_17h32.51.624,bart,3.1.3,60,,
3,0.13,0,TRUE,1,0,20,0,1,19,blueBalloon.png,2,MSc Pupil 101,f,17,101,2021-05-06_17h32.51.624,bart,3.1.3,60,,
33,0.595,1.65,FALSE,1,0,20,15,1,19,blueBalloon.png,92,MSc Pupil 101,f,17,101,2021-05-06_17h32.51.624,bart,3.1.3,60,,
38,0.67,1.9,FALSE,1,0,20,10,1,19,blueBalloon.png,62,MSc Pupil 101,f,17,101,2021-05-06_17h32.51.624,bart,3.1.3,60,,
45,0.76,0,TRUE,1,0,20,7,1,19,blueBalloon.png,44,MSc Pupil 101,f,17,101,2021-05-06_17h32.51.624,bart,3.1.3,60,,
36,0.64,1.8,FALSE,1,0,20,13,1,19,blueBalloon.png,80,MSc Pupil 101,f,17,101,2021-05-06_17h32.51.624,bart,3.1.3,60,,
41,0.715,2.05,FALSE,1,0,20,11,1,19,blueBalloon.png,68,MSc Pupil 101,f,17,101,2021-05-06_17h32.51.624,bart,3.1.3,60,,
41,0.715,2.05,FALSE,1,0,20,17,1,19,blueBalloon.png,104,MSc Pupil 101,f,17,101,2021-05-06_17h32.51.624,bart,3.1.3,60,,
9,0.22,0,TRUE,1,0,20,1,1,19,blueBalloon.png,8,MSc Pupil 101,f,17,101,2021-05-06_17h32.51.624,bart,3.1.3,60,,
39,0.67,0,TRUE,1,0,20,6,1,19,blueBalloon.png,38,MSc Pupil 101,f,17,101,2021-05-06_17h32.51.624,bart,3.1.3,60,,
27,0.49,0,TRUE,1,0,20,4,1,19,blueBalloon.png,26,MSc Pupil 101,f,17,101,2021-05-06_17h32.51.624,bart,3.1.3,60,,
47,0.805,2.35,FALSE,1,0,20,19,1,19,blueBalloon.png,116,MSc Pupil 101,f,17,101,2021-05-06_17h32.51.624,bart,3.1.3,60,,
47,0.805,2.35,FALSE,1,0,20,18,1,19,blueBalloon.png,110,MSc Pupil 101,f,17,101,2021-05-06_17h32.51.624,bart,3.1.3,60,,
51,0.865,2.55,FALSE,1,0,20,16,1,19,blueBalloon.png,98,MSc Pupil 101,f,17,101,2021-05-06_17h32.51.624,bart,3.1.3,60,,
35,0.625,1.75,FALSE,1,0,20,8,1,19,blueBalloon.png,50,MSc Pupil 101,f,17,101,2021-05-06_17h32.51.624,bart,3.1.3,60,,
59,0.985,2.95,FALSE,1,0,20,12,1,19,blueBalloon.png,74,MSc Pupil 101,f,17,101,2021-05-06_17h32.51.624,bart,3.1.3,60,,
21,0.4,0,TRUE,1,0,20,3,1,19,blueBalloon.png,20,MSc Pupil 101,f,17,101,2021-05-06_17h32.51.624,bart,3.1.3,60,,
63,1.045,3.15,FALSE,1,0,20,14,1,19,blueBalloon.png,86,MSc Pupil 101,f,17,101,2021-05-06_17h32.51.624,bart,3.1.3,60,,
,,,,,,,,,,,,MSc Pupil 101,f,17,101,2021-05-06_17h32.51.624,bart,3.1.3,60,return,10.60899997
