nPumps,size,earnings,popped,trials.thisRepN,trials.thisTrialN,trials.thisN,trials.thisIndex,trials.ran,trials.order,imageFile,maxPumps,participant,gender (m/f),age,session,date,expName,psychopyVersion,frameRate
33,0.58,0,TRUE,1,0,20,5,1,19,blueBalloon.png,32,Niamh,Female,13,ErinsMCsniamh19May,2021-05-19_14h52.36.564,bart,3.1.3,60
35,0.625,1.75,FALSE,1,0,20,9,1,19,blueBalloon.png,56,Niamh,Female,13,ErinsMCsniamh19May,2021-05-19_14h52.36.564,bart,3.1.3,60
15,0.31,0,TRUE,1,0,20,2,1,19,blueBalloon.png,14,Niamh,Female,13,ErinsMCsniamh19May,2021-05-19_14h52.36.564,bart,3.1.3,60
3,0.13,0,TRUE,1,0,20,0,1,19,blueBalloon.png,2,Niamh,Female,13,ErinsMCsniamh19May,2021-05-19_14h52.36.564,bart,3.1.3,60
20,0.4,1,FALSE,1,0,20,15,1,19,blueBalloon.png,92,Niamh,Female,13,ErinsMCsniamh19May,2021-05-19_14h52.36.564,bart,3.1.3,60
30,0.55,1.5,FALSE,1,0,20,10,1,19,blueBalloon.png,62,Niamh,Female,13,ErinsMCsniamh19May,2021-05-19_14h52.36.564,bart,3.1.3,60
22,0.43,1.1,FALSE,1,0,20,7,1,19,blueBalloon.png,44,Niamh,Female,13,ErinsMCsniamh19May,2021-05-19_14h52.36.564,bart,3.1.3,60
30,0.55,1.5,FALSE,1,0,20,13,1,19,blueBalloon.png,80,Niamh,Female,13,ErinsMCsniamh19May,2021-05-19_14h52.36.564,bart,3.1.3,60
30,0.55,1.5,FALSE,1,0,20,11,1,19,blueBalloon.png,68,Niamh,Female,13,ErinsMCsniamh19May,2021-05-19_14h52.36.564,bart,3.1.3,60
