nPumps,size,earnings,popped,trials.thisRepN,trials.thisTrialN,trials.thisN,trials.thisIndex,trials.ran,trials.order,imageFile,maxPumps,participant,gender (m/f),age,session,date,expName,psychopyVersion,frameRate
33,0.58,0,TRUE,1,0,20,5,1,19,blueBalloon.png,32,Oliver McKenzie,male,17,"Erin's MSc, Scot, 11 may",2021-05-11_11h28.22.500,bart,3.1.3,60
31,0.565,1.55,FALSE,1,0,20,9,1,19,blueBalloon.png,56,Oliver McKenzie,male,17,"Erin's MSc, Scot, 11 may",2021-05-11_11h28.22.500,bart,3.1.3,60
15,0.31,0,TRUE,1,0,20,2,1,19,blueBalloon.png,14,Oliver McKenzie,male,17,"Erin's MSc, Scot, 11 may",2021-05-11_11h28.22.500,bart,3.1.3,60
3,0.13,0,TRUE,1,0,20,0,1,19,blueBalloon.png,2,Oliver McKenzie,male,17,"Erin's MSc, Scot, 11 may",2021-05-11_11h28.22.500,bart,3.1.3,60
20,0.4,1,FALSE,1,0,20,15,1,19,blueBalloon.png,92,Oliver McKenzie,male,17,"Erin's MSc, Scot, 11 may",2021-05-11_11h28.22.500,bart,3.1.3,60
20,0.4,1,FALSE,1,0,20,10,1,19,blueBalloon.png,62,Oliver McKenzie,male,17,"Erin's MSc, Scot, 11 may",2021-05-11_11h28.22.500,bart,3.1.3,60
20,0.4,1,FALSE,1,0,20,7,1,19,blueBalloon.png,44,Oliver McKenzie,male,17,"Erin's MSc, Scot, 11 may",2021-05-11_11h28.22.500,bart,3.1.3,60
20,0.4,1,FALSE,1,0,20,13,1,19,blueBalloon.png,80,Oliver McKenzie,male,17,"Erin's MSc, Scot, 11 may",2021-05-11_11h28.22.500,bart,3.1.3,60
