nPumps,size,earnings,popped,trials.thisRepN,trials.thisTrialN,trials.thisN,trials.thisIndex,trials.ran,trials.order,imageFile,maxPumps,participant,gender (m/f),age,session,date,expName,psychopyVersion,frameRate,doneKey.keys,doneKey.rt
31,0.565,1.55,FALSE,1,0,20,5,1,19,blueBalloon.png,32,Oliver,m,17,ErinsMsc,2021-05-11_11h31.30.877,bart,3.1.3,60,,
31,0.565,1.55,FALSE,1,0,20,9,1,19,blueBalloon.png,56,Oliver,m,17,ErinsMsc,2021-05-11_11h31.30.877,bart,3.1.3,60,,
15,0.31,0,TRUE,1,0,20,2,1,19,blueBalloon.png,14,Oliver,m,17,ErinsMsc,2021-05-11_11h31.30.877,bart,3.1.3,60,,
3,0.13,0,TRUE,1,0,20,0,1,19,blueBalloon.png,2,Oliver,m,17,ErinsMsc,2021-05-11_11h31.30.877,bart,3.1.3,60,,
30,0.55,1.5,FALSE,1,0,20,15,1,19,blueBalloon.png,92,Oliver,m,17,ErinsMsc,2021-05-11_11h31.30.877,bart,3.1.3,60,,
3,0.145,0.15,FALSE,1,0,20,10,1,19,blueBalloon.png,62,Oliver,m,17,ErinsMsc,2021-05-11_11h31.30.877,bart,3.1.3,60,,
2,0.13,0.1,FALSE,1,0,20,7,1,19,blueBalloon.png,44,Oliver,m,17,ErinsMsc,2021-05-11_11h31.30.877,bart,3.1.3,60,,
0,0.1,0,FALSE,1,0,20,13,1,19,blueBalloon.png,80,Oliver,m,17,ErinsMsc,2021-05-11_11h31.30.877,bart,3.1.3,60,,
10,0.25,0.5,FALSE,1,0,20,11,1,19,blueBalloon.png,68,Oliver,m,17,ErinsMsc,2021-05-11_11h31.30.877,bart,3.1.3,60,,
20,0.4,1,FALSE,1,0,20,17,1,19,blueBalloon.png,104,Oliver,m,17,ErinsMsc,2021-05-11_11h31.30.877,bart,3.1.3,60,,
9,0.22,0,TRUE,1,0,20,1,1,19,blueBalloon.png,8,Oliver,m,17,ErinsMsc,2021-05-11_11h31.30.877,bart,3.1.3,60,,
20,0.4,1,FALSE,1,0,20,6,1,19,blueBalloon.png,38,Oliver,m,17,ErinsMsc,2021-05-11_11h31.30.877,bart,3.1.3,60,,
8,0.22,0.4,FALSE,1,0,20,4,1,19,blueBalloon.png,26,Oliver,m,17,ErinsMsc,2021-05-11_11h31.30.877,bart,3.1.3,60,,
20,0.4,1,FALSE,1,0,20,19,1,19,blueBalloon.png,116,Oliver,m,17,ErinsMsc,2021-05-11_11h31.30.877,bart,3.1.3,60,,
32,0.58,1.6,FALSE,1,0,20,18,1,19,blueBalloon.png,110,Oliver,m,17,ErinsMsc,2021-05-11_11h31.30.877,bart,3.1.3,60,,
36,0.64,1.8,FALSE,1,0,20,16,1,19,blueBalloon.png,98,Oliver,m,17,ErinsMsc,2021-05-11_11h31.30.877,bart,3.1.3,60,,
51,0.85,0,TRUE,1,0,20,8,1,19,blueBalloon.png,50,Oliver,m,17,ErinsMsc,2021-05-11_11h31.30.877,bart,3.1.3,60,,
52,0.88,2.6,FALSE,1,0,20,12,1,19,blueBalloon.png,74,Oliver,m,17,ErinsMsc,2021-05-11_11h31.30.877,bart,3.1.3,60,,
21,0.4,0,TRUE,1,0,20,3,1,19,blueBalloon.png,20,Oliver,m,17,ErinsMsc,2021-05-11_11h31.30.877,bart,3.1.3,60,,
38,0.67,1.9,FALSE,1,0,20,14,1,19,blueBalloon.png,86,Oliver,m,17,ErinsMsc,2021-05-11_11h31.30.877,bart,3.1.3,60,,
,,,,,,,,,,,,Oliver,m,17,ErinsMsc,2021-05-11_11h31.30.877,bart,3.1.3,60,space,0.299000025
