nPumps,size,earnings,popped,trials.thisRepN,trials.thisTrialN,trials.thisN,trials.thisIndex,trials.ran,trials.order,imageFile,maxPumps,participant,gender (m/f),age,session,date,expName,psychopyVersion,frameRate,doneKey.keys,doneKey.rt
20,0.4,1,FALSE,1,0,20,5,1,19,blueBalloon.png,32,Omid,m,35,004,2021-01-05_13h49.18.119,bart,3.1.3,60,,
19,0.385,0.95,FALSE,1,0,20,9,1,19,blueBalloon.png,56,Omid,m,35,004,2021-01-05_13h49.18.119,bart,3.1.3,60,,
15,0.31,0,TRUE,1,0,20,2,1,19,blueBalloon.png,14,Omid,m,35,004,2021-01-05_13h49.18.119,bart,3.1.3,60,,
3,0.13,0,TRUE,1,0,20,0,1,19,blueBalloon.png,2,Omid,m,35,004,2021-01-05_13h49.18.119,bart,3.1.3,60,,
20,0.4,1,FALSE,1,0,20,15,1,19,blueBalloon.png,92,Omid,m,35,004,2021-01-05_13h49.18.119,bart,3.1.3,60,,
18,0.37,0.9,FALSE,1,0,20,10,1,19,blueBalloon.png,62,Omid,m,35,004,2021-01-05_13h49.18.119,bart,3.1.3,60,,
23,0.445,1.15,FALSE,1,0,20,7,1,19,blueBalloon.png,44,Omid,m,35,004,2021-01-05_13h49.18.119,bart,3.1.3,60,,
30,0.55,1.5,FALSE,1,0,20,13,1,19,blueBalloon.png,80,Omid,m,35,004,2021-01-05_13h49.18.119,bart,3.1.3,60,,
45,0.775,2.25,FALSE,1,0,20,11,1,19,blueBalloon.png,68,Omid,m,35,004,2021-01-05_13h49.18.119,bart,3.1.3,60,,
50,0.85,2.5,FALSE,1,0,20,17,1,19,blueBalloon.png,104,Omid,m,35,004,2021-01-05_13h49.18.119,bart,3.1.3,60,,
9,0.22,0,TRUE,1,0,20,1,1,19,blueBalloon.png,8,Omid,m,35,004,2021-01-05_13h49.18.119,bart,3.1.3,60,,
39,0.67,0,TRUE,1,0,20,6,1,19,blueBalloon.png,38,Omid,m,35,004,2021-01-05_13h49.18.119,bart,3.1.3,60,,
27,0.49,0,TRUE,1,0,20,4,1,19,blueBalloon.png,26,Omid,m,35,004,2021-01-05_13h49.18.119,bart,3.1.3,60,,
33,0.595,1.65,FALSE,1,0,20,19,1,19,blueBalloon.png,116,Omid,m,35,004,2021-01-05_13h49.18.119,bart,3.1.3,60,,
40,0.7,2,FALSE,1,0,20,18,1,19,blueBalloon.png,110,Omid,m,35,004,2021-01-05_13h49.18.119,bart,3.1.3,60,,
34,0.61,1.7,FALSE,1,0,20,16,1,19,blueBalloon.png,98,Omid,m,35,004,2021-01-05_13h49.18.119,bart,3.1.3,60,,
26,0.49,1.3,FALSE,1,0,20,8,1,19,blueBalloon.png,50,Omid,m,35,004,2021-01-05_13h49.18.119,bart,3.1.3,60,,
40,0.7,2,FALSE,1,0,20,12,1,19,blueBalloon.png,74,Omid,m,35,004,2021-01-05_13h49.18.119,bart,3.1.3,60,,
21,0.4,0,TRUE,1,0,20,3,1,19,blueBalloon.png,20,Omid,m,35,004,2021-01-05_13h49.18.119,bart,3.1.3,60,,
40,0.7,2,FALSE,1,0,20,14,1,19,blueBalloon.png,86,Omid,m,35,004,2021-01-05_13h49.18.119,bart,3.1.3,60,,
,,,,,,,,,,,,Omid,m,35,004,2021-01-05_13h49.18.119,bart,3.1.3,60,space,4.00999999
